-- phpMyAdmin SQL Dump
-- version 4.8.0.1
-- https://www.phpmyadmin.net/
--
-- Host: localhost
-- Generation Time: Jul 13, 2018 at 09:33 AM
-- Server version: 10.1.32-MariaDB
-- PHP Version: 7.2.5

SET SQL_MODE = "NO_AUTO_VALUE_ON_ZERO";
SET AUTOCOMMIT = 0;
START TRANSACTION;
SET time_zone = "+00:00";


/*!40101 SET @OLD_CHARACTER_SET_CLIENT=@@CHARACTER_SET_CLIENT */;
/*!40101 SET @OLD_CHARACTER_SET_RESULTS=@@CHARACTER_SET_RESULTS */;
/*!40101 SET @OLD_COLLATION_CONNECTION=@@COLLATION_CONNECTION */;
/*!40101 SET NAMES utf8mb4 */;

--
-- Database: `test_db`
--

-- --------------------------------------------------------

--
-- Table structure for table `category`
--
-- Creation: Jun 20, 2018 at 07:09 AM
--

CREATE TABLE `category` (
  `id` int(11) NOT NULL,
  `category` text NOT NULL,
  `sub_category` text NOT NULL
) ENGINE=InnoDB DEFAULT CHARSET=utf8;

--
-- RELATIONSHIPS FOR TABLE `category`:
--

--
-- Dumping data for table `category`
--

INSERT INTO `category` (`id`, `category`, `sub_category`) VALUES
(1, 'Accessories', 'Cables'),
(2, 'Gadgets', 'Smartwatches'),
(3, 'Gadgets', 'Wireless Speakers'),
(4, 'Gadgets', 'VR Headsets'),
(5, 'Mobile phones', 'Smartphones');

-- --------------------------------------------------------

--
-- Table structure for table `prices`
--
-- Creation: Jun 20, 2018 at 07:16 AM
--

CREATE TABLE `prices` (
  `id` int(11) NOT NULL,
  `prod_id` int(11) NOT NULL,
  `price` int(11) NOT NULL,
  `discount` int(11) NOT NULL,
  `date` timestamp NOT NULL DEFAULT CURRENT_TIMESTAMP,
  `currency_iso` char(3) NOT NULL
) ENGINE=InnoDB DEFAULT CHARSET=utf8;

--
-- RELATIONSHIPS FOR TABLE `prices`:
--   `prod_id`
--       `products` -> `id`
--

--
-- Dumping data for table `prices`
--

INSERT INTO `prices` (`id`, `prod_id`, `price`, `discount`, `date`, `currency_iso`) VALUES
(1, 1, 40923, 35, '2018-07-04 07:10:32', 'NPR'),
(2, 2, 11900, 43, '2018-07-04 07:10:32', 'NPR'),
(3, 3, 18500, 29, '2018-07-04 07:10:32', 'NPR'),
(4, 4, 8900, 46, '2018-07-04 07:10:32', 'NPR'),
(5, 5, 6999, 11, '2018-07-04 07:10:32', 'NPR'),
(6, 6, 8999, 46, '2018-07-04 07:10:32', 'NPR'),
(7, 7, 3997, 8, '2018-07-04 07:10:32', 'NPR'),
(8, 8, 26900, 4, '2018-07-04 07:10:32', 'NPR'),
(9, 9, 14900, 4, '2018-07-04 07:10:32', 'NPR'),
(10, 10, 18999, 27, '2018-07-04 07:10:32', 'NPR'),
(11, 11, 17900, 65, '2018-07-04 07:10:32', 'NPR'),
(12, 12, 12500, 4, '2018-07-04 07:10:32', 'NPR'),
(13, 13, 22790, 5, '2018-07-04 07:10:32', 'NPR'),
(14, 14, 26900, 4, '2018-07-04 07:10:32', 'NPR'),
(15, 15, 10000, 20, '2018-07-04 07:10:32', 'NPR'),
(16, 16, 14700, 6, '2018-07-04 07:10:32', 'NPR'),
(17, 17, 24000, 14, '2018-07-04 07:10:32', 'NPR'),
(18, 18, 10500, 34, '2018-07-04 07:10:32', 'NPR'),
(19, 19, 12500, 13, '2018-07-04 07:10:32', 'NPR'),
(20, 20, 6899, 8, '2018-07-04 07:10:32', 'NPR'),
(21, 21, 27625, 15, '2018-07-04 07:10:32', 'NPR'),
(22, 22, 14876, 7, '2018-07-04 07:10:32', 'NPR'),
(23, 23, 8500, 39, '2018-07-04 07:10:32', 'NPR'),
(24, 24, 55680, 4, '2018-07-04 07:10:32', 'NPR'),
(25, 25, 14500, 40, '2018-07-04 07:10:32', 'NPR'),
(26, 26, 20115, 4, '2018-07-04 07:10:32', 'NPR'),
(27, 27, 18199, 4, '2018-07-04 07:10:32', 'NPR'),
(28, 28, 8500, 39, '2018-07-04 07:10:32', 'NPR'),
(29, 29, 14500, 40, '2018-07-04 07:10:32', 'NPR'),
(30, 30, 69, 66, '2018-07-04 07:10:33', 'NPR'),
(31, 31, 359, 64, '2018-07-04 07:10:33', 'NPR'),
(32, 32, 125, 17, '2018-07-04 07:10:33', 'NPR'),
(33, 33, 1499, 32, '2018-07-04 07:10:33', 'NPR'),
(34, 34, 335, 4, '2018-07-04 07:10:33', 'NPR'),
(35, 35, 475, 5, '2018-07-04 07:10:33', 'NPR'),
(36, 36, 170, 3, '2018-07-04 07:10:33', 'NPR'),
(37, 37, 475, 5, '2018-07-04 07:10:33', 'NPR'),
(38, 38, 285, 5, '2018-07-04 07:10:33', 'NPR'),
(39, 39, 1649, 34, '2018-07-04 07:10:33', 'NPR'),
(40, 40, 335, 33, '2018-07-04 07:10:33', 'NPR'),
(41, 41, 499, 38, '2018-07-04 07:10:33', 'NPR'),
(42, 42, 100, 33, '2018-07-04 07:10:33', 'NPR'),
(43, 43, 199, 60, '2018-07-04 07:10:33', 'NPR'),
(44, 44, 400, 50, '2018-07-04 07:10:33', 'NPR'),
(45, 45, 899, 55, '2018-07-04 07:10:33', 'NPR'),
(46, 46, 499, 62, '2018-07-04 07:10:33', 'NPR'),
(47, 47, 399, 60, '2018-07-04 07:10:33', 'NPR'),
(48, 48, 100, 13, '2018-07-04 07:10:33', 'NPR'),
(49, 49, 100, 13, '2018-07-04 07:10:33', 'NPR'),
(50, 50, 100, 13, '2018-07-04 07:10:33', 'NPR'),
(51, 51, 750, 25, '2018-07-04 07:10:33', 'NPR'),
(52, 52, 849, 43, '2018-07-04 07:10:33', 'NPR'),
(53, 53, 4199, 16, '2018-07-04 07:10:33', 'NPR'),
(54, 54, 349, 53, '2018-07-04 07:10:33', 'NPR'),
(55, 55, 599, 8, '2018-07-04 07:10:33', 'NPR'),
(56, 56, 899, 29, '2018-07-04 07:10:33', 'NPR'),
(57, 57, 75, 25, '2018-07-04 07:10:33', 'NPR'),
(58, 58, 999, 33, '2018-07-04 07:10:33', 'NPR'),
(59, 59, 499, 50, '2018-07-04 07:10:33', 'NPR'),
(60, 60, 1049, 45, '2018-07-04 07:10:33', 'NPR'),
(61, 61, 149, 50, '2018-07-04 07:10:33', 'NPR'),
(62, 62, 380, 11, '2018-07-04 07:10:33', 'NPR'),
(63, 63, 1300, 30, '2018-07-04 07:10:33', 'NPR'),
(64, 64, 449, 55, '2018-07-04 07:10:33', 'NPR'),
(65, 65, 299, 63, '2018-07-04 07:10:35', 'NPR'),
(66, 66, 799, 43, '2018-07-04 07:10:35', 'NPR'),
(67, 67, 7899, 34, '2018-07-04 07:10:35', 'NPR'),
(68, 68, 2199, 12, '2018-07-04 07:10:35', 'NPR'),
(69, 69, 1749, 13, '2018-07-04 07:10:35', 'NPR'),
(70, 70, 1249, 50, '2018-07-04 07:10:35', 'NPR'),
(71, 71, 3499, 65, '2018-07-04 07:10:35', 'NPR'),
(72, 72, 399, 75, '2018-07-04 07:10:35', 'NPR'),
(73, 73, 2499, 33, '2018-07-04 07:10:35', 'NPR'),
(74, 74, 4479, 15, '2018-07-04 07:10:35', 'NPR'),
(75, 75, 3299, 34, '2018-07-04 07:10:35', 'NPR'),
(76, 76, 2499, 50, '2018-07-04 07:10:35', 'NPR'),
(77, 77, 699, 53, '2018-07-04 07:10:35', 'NPR'),
(78, 78, 500, 38, '2018-07-04 07:10:35', 'NPR'),
(79, 79, 1799, 37, '2018-07-04 07:10:35', 'NPR'),
(80, 80, 4499, 20, '2018-07-04 07:10:35', 'NPR'),
(81, 81, 2199, 12, '2018-07-04 07:10:35', 'NPR'),
(82, 82, 1249, 43, '2018-07-04 07:10:35', 'NPR'),
(83, 83, 1295, 14, '2018-07-04 07:10:35', 'NPR'),
(84, 84, 949, 51, '2018-07-04 07:10:35', 'NPR'),
(85, 85, 1099, 50, '2018-07-04 07:10:35', 'NPR'),
(86, 86, 500, 38, '2018-07-04 07:10:35', 'NPR'),
(87, 87, 2099, 40, '2018-07-04 07:10:35', 'NPR'),
(88, 88, 13499, 10, '2018-07-04 07:10:35', 'NPR'),
(89, 89, 1700, 39, '2018-07-04 07:10:35', 'NPR'),
(90, 90, 1490, 25, '2018-07-04 07:10:35', 'NPR'),
(91, 91, 1500, 40, '2018-07-04 07:10:35', 'NPR'),
(92, 92, 500, 38, '2018-07-04 07:10:35', 'NPR'),
(93, 93, 999, 29, '2018-07-04 07:10:35', 'NPR'),
(94, 94, 1699, 41, '2018-07-04 07:10:35', 'NPR'),
(95, 95, 2099, 16, '2018-07-04 07:10:35', 'NPR'),
(96, 96, 1750, 17, '2018-07-04 07:10:35', 'NPR'),
(97, 97, 1699, 15, '2018-07-04 07:10:35', 'NPR'),
(98, 98, 999, 38, '2018-07-04 07:10:35', 'NPR'),
(99, 99, 749, 25, '2018-07-04 07:10:37', 'NPR'),
(100, 100, 750, 63, '2018-07-04 07:10:37', 'NPR'),
(101, 101, 399, 17, '2018-07-04 07:10:37', 'NPR'),
(102, 102, 619, 31, '2018-07-04 07:10:37', 'NPR'),
(103, 103, 1199, 52, '2018-07-04 07:10:37', 'NPR'),
(104, 104, 1449, 24, '2018-07-04 07:10:37', 'NPR'),
(105, 105, 499, 29, '2018-07-04 07:10:37', 'NPR'),
(106, 106, 645, 16, '2018-07-04 07:10:37', 'NPR'),
(107, 107, 960, 4, '2018-07-04 07:10:37', 'NPR'),
(108, 108, 799, 33, '2018-07-04 07:10:37', 'NPR'),
(109, 109, 1049, 48, '2018-07-04 07:10:37', 'NPR'),
(110, 110, 1600, 11, '2018-07-04 07:10:37', 'NPR'),
(111, 111, 449, 31, '2018-07-04 07:10:37', 'NPR'),
(112, 112, 999, 23, '2018-07-04 07:10:37', 'NPR'),
(113, 113, 700, 30, '2018-07-04 07:10:37', 'NPR'),
(114, 114, 799, 20, '2018-07-04 07:10:37', 'NPR'),
(115, 115, 850, 43, '2018-07-04 07:10:37', 'NPR'),
(116, 116, 999, 37, '2018-07-04 07:10:37', 'NPR'),
(117, 117, 799, 21, '2018-07-04 07:10:37', 'NPR'),
(118, 118, 850, 43, '2018-07-04 07:10:37', 'NPR'),
(119, 119, 1450, 19, '2018-07-04 07:10:37', 'NPR'),
(120, 120, 999, 17, '2018-07-04 07:10:37', 'NPR'),
(121, 121, 799, 43, '2018-07-04 07:10:37', 'NPR'),
(122, 122, 849, 23, '2018-07-04 07:10:37', 'NPR'),
(123, 123, 1299, 26, '2018-07-04 07:10:37', 'NPR'),
(124, 124, 4190, 6, '2018-07-04 07:10:37', 'NPR'),
(125, 125, 1099, 41, '2018-07-04 07:10:37', 'NPR'),
(126, 126, 1149, 35, '2018-07-04 07:10:37', 'NPR'),
(127, 127, 1199, 51, '2018-07-04 07:10:37', 'NPR'),
(128, 128, 1800, 28, '2018-07-04 07:10:37', 'NPR'),
(129, 129, 444, 7, '2018-07-04 07:10:37', 'NPR'),
(130, 130, 1019, 29, '2018-07-04 07:10:37', 'NPR'),
(131, 131, 450, 36, '2018-07-04 07:10:37', 'NPR'),
(132, 132, 390, 22, '2018-07-04 07:10:37', 'NPR'),
(133, 133, 4225, 6, '2018-07-04 07:10:37', 'NPR'),
(134, 134, 444, 32, '2018-07-04 07:10:37', 'NPR'),
(135, 135, 4225, 6, '2018-07-04 07:10:37', 'NPR'),
(136, 136, 2200, 21, '2018-07-04 07:10:37', 'NPR'),
(137, 137, 380, 31, '2018-07-04 07:10:37', 'NPR'),
(138, 138, 1799, 40, '2018-07-04 07:10:37', 'NPR'),
(139, 139, 899, 25, '2018-07-04 07:10:37', 'NPR'),
(140, 140, 1499, 3, '2018-07-04 07:10:37', 'NPR'),
(141, 141, 2599, 38, '2018-07-04 07:10:38', 'NPR'),
(142, 142, 500, 33, '2018-07-04 07:10:38', 'NPR'),
(143, 143, 1888, 6, '2018-07-04 07:10:38', 'NPR'),
(144, 144, 1199, 39, '2018-07-04 07:10:38', 'NPR'),
(145, 145, 899, 10, '2018-07-04 07:10:38', 'NPR'),
(146, 146, 899, 10, '2018-07-04 07:10:38', 'NPR'),
(147, 147, 1150, 21, '2018-07-04 07:10:38', 'NPR'),
(148, 148, 1700, 43, '2018-07-04 07:10:38', 'NPR'),
(149, 149, 1699, 4, '2018-07-04 07:10:38', 'NPR'),
(150, 150, 1099, 35, '2018-07-04 07:10:38', 'NPR'),
(151, 151, 1800, 10, '2018-07-04 07:10:38', 'NPR'),
(152, 152, 340, 48, '2018-07-04 07:10:38', 'NPR'),
(153, 153, 444, 11, '2018-07-04 07:10:38', 'NPR'),
(154, 154, 4199, 48, '2018-07-04 07:10:38', 'NPR'),
(155, 155, 1650, 8, '2018-07-04 07:10:38', 'NPR'),
(156, 156, 4099, 18, '2018-07-04 07:10:38', 'NPR'),
(157, 157, 1000, 33, '2018-07-04 07:10:38', 'NPR'),
(158, 158, 350, 42, '2018-07-05 11:26:58', 'NPR'),
(159, 129, 444, 7, '2018-07-05 11:26:58', 'NPR'),
(160, 99, 749, 25, '2018-07-05 11:26:58', 'NPR'),
(161, 130, 1019, 29, '2018-07-05 11:26:58', 'NPR'),
(162, 30, 69, 66, '2018-07-05 11:26:58', 'NPR'),
(163, 131, 450, 36, '2018-07-05 11:26:58', 'NPR'),
(164, 100, 750, 63, '2018-07-05 11:26:58', 'NPR'),
(165, 132, 390, 22, '2018-07-05 11:26:58', 'NPR'),
(166, 31, 359, 64, '2018-07-05 11:26:58', 'NPR'),
(167, 101, 399, 17, '2018-07-05 11:26:58', 'NPR'),
(168, 133, 4225, 6, '2018-07-05 11:26:58', 'NPR'),
(169, 102, 619, 31, '2018-07-05 11:26:58', 'NPR'),
(170, 32, 125, 17, '2018-07-05 11:26:58', 'NPR'),
(171, 134, 444, 32, '2018-07-05 11:26:58', 'NPR'),
(172, 103, 1199, 52, '2018-07-05 11:26:58', 'NPR'),
(173, 33, 1499, 32, '2018-07-05 11:26:58', 'NPR'),
(174, 135, 4225, 6, '2018-07-05 11:26:58', 'NPR'),
(175, 104, 1449, 24, '2018-07-05 11:26:58', 'NPR'),
(176, 105, 499, 29, '2018-07-05 11:26:59', 'NPR'),
(177, 34, 335, 4, '2018-07-05 11:26:59', 'NPR'),
(178, 36, 170, 3, '2018-07-05 11:26:59', 'NPR'),
(179, 137, 380, 31, '2018-07-05 11:26:59', 'NPR'),
(180, 106, 645, 16, '2018-07-05 11:26:59', 'NPR'),
(181, 35, 475, 5, '2018-07-05 11:26:59', 'NPR'),
(182, 26, 20115, 4, '2018-07-05 11:26:59', 'NPR'),
(183, 136, 2200, 21, '2018-07-05 11:26:59', 'NPR'),
(184, 70, 1149, 54, '2018-07-05 11:26:59', 'NPR'),
(185, 107, 960, 4, '2018-07-05 11:26:59', 'NPR'),
(186, 1, 40923, 35, '2018-07-05 11:26:59', 'NPR'),
(187, 39, 1649, 34, '2018-07-05 11:26:59', 'NPR'),
(188, 138, 1799, 40, '2018-07-05 11:26:59', 'NPR'),
(189, 108, 799, 33, '2018-07-05 11:26:59', 'NPR'),
(190, 38, 285, 5, '2018-07-05 11:26:59', 'NPR'),
(191, 159, 6999, 53, '2018-07-05 11:26:59', 'NPR'),
(192, 27, 18199, 4, '2018-07-05 11:26:59', 'NPR'),
(193, 109, 1049, 48, '2018-07-05 11:26:59', 'NPR'),
(194, 142, 500, 33, '2018-07-05 11:26:59', 'NPR'),
(195, 48, 100, 13, '2018-07-05 11:26:59', 'NPR'),
(196, 110, 1600, 11, '2018-07-05 11:26:59', 'NPR'),
(197, 69, 1749, 13, '2018-07-05 11:26:59', 'NPR'),
(198, 40, 335, 33, '2018-07-05 11:26:59', 'NPR'),
(199, 139, 899, 25, '2018-07-05 11:26:59', 'NPR'),
(200, 111, 449, 31, '2018-07-05 11:26:59', 'NPR'),
(201, 42, 100, 33, '2018-07-05 11:26:59', 'NPR'),
(202, 160, 44000, 20, '2018-07-05 11:26:59', 'NPR'),
(203, 140, 1499, 3, '2018-07-05 11:26:59', 'NPR'),
(204, 41, 499, 38, '2018-07-05 11:26:59', 'NPR'),
(205, 112, 999, 23, '2018-07-05 11:26:59', 'NPR'),
(206, 162, 18199, 4, '2018-07-05 11:26:59', 'NPR'),
(207, 161, 4999, 50, '2018-07-05 11:26:59', 'NPR'),
(208, 141, 2599, 38, '2018-07-05 11:26:59', 'NPR'),
(209, 45, 899, 55, '2018-07-05 11:26:59', 'NPR'),
(210, 67, 7899, 34, '2018-07-05 11:26:59', 'NPR'),
(211, 113, 700, 30, '2018-07-05 11:26:59', 'NPR'),
(212, 163, 18199, 4, '2018-07-05 11:26:59', 'NPR'),
(213, 3, 18500, 29, '2018-07-05 11:26:59', 'NPR'),
(214, 145, 899, 10, '2018-07-05 11:26:59', 'NPR'),
(215, 46, 499, 62, '2018-07-05 11:26:59', 'NPR'),
(216, 115, 850, 43, '2018-07-05 11:26:59', 'NPR'),
(217, 66, 799, 43, '2018-07-05 11:26:59', 'NPR'),
(218, 2, 11900, 43, '2018-07-05 11:26:59', 'NPR'),
(219, 144, 1199, 39, '2018-07-05 11:26:59', 'NPR'),
(220, 4, 8900, 46, '2018-07-05 11:26:59', 'NPR'),
(221, 47, 399, 60, '2018-07-05 11:26:59', 'NPR'),
(222, 114, 799, 20, '2018-07-05 11:26:59', 'NPR'),
(223, 146, 899, 10, '2018-07-05 11:26:59', 'NPR'),
(224, 6, 8999, 46, '2018-07-05 11:26:59', 'NPR'),
(225, 68, 2199, 12, '2018-07-05 11:26:59', 'NPR'),
(226, 49, 100, 13, '2018-07-05 11:26:59', 'NPR'),
(227, 116, 999, 37, '2018-07-05 11:26:59', 'NPR'),
(228, 147, 1150, 21, '2018-07-05 11:26:59', 'NPR'),
(229, 50, 100, 13, '2018-07-05 11:26:59', 'NPR'),
(230, 5, 6999, 11, '2018-07-05 11:26:59', 'NPR'),
(231, 117, 799, 21, '2018-07-05 11:26:59', 'NPR'),
(232, 73, 2499, 33, '2018-07-05 11:26:59', 'NPR'),
(233, 148, 1700, 43, '2018-07-05 11:26:59', 'NPR'),
(234, 118, 850, 43, '2018-07-05 11:26:59', 'NPR'),
(235, 51, 750, 25, '2018-07-05 11:26:59', 'NPR'),
(236, 7, 3997, 8, '2018-07-05 11:26:59', 'NPR'),
(237, 119, 1450, 19, '2018-07-05 11:26:59', 'NPR'),
(238, 53, 4199, 16, '2018-07-05 11:26:59', 'NPR'),
(239, 149, 1699, 4, '2018-07-05 11:26:59', 'NPR'),
(240, 8, 26900, 4, '2018-07-05 11:26:59', 'NPR'),
(241, 52, 849, 43, '2018-07-05 11:26:59', 'NPR'),
(242, 74, 4479, 15, '2018-07-05 11:26:59', 'NPR'),
(243, 120, 999, 17, '2018-07-05 11:26:59', 'NPR'),
(244, 150, 1099, 35, '2018-07-05 11:26:59', 'NPR'),
(245, 54, 349, 53, '2018-07-05 11:26:59', 'NPR'),
(246, 9, 14900, 4, '2018-07-05 11:26:59', 'NPR'),
(247, 121, 799, 43, '2018-07-05 11:26:59', 'NPR'),
(248, 151, 1800, 10, '2018-07-05 11:26:59', 'NPR'),
(249, 56, 899, 29, '2018-07-05 11:26:59', 'NPR'),
(250, 10, 18999, 27, '2018-07-05 11:26:59', 'NPR'),
(251, 76, 2499, 50, '2018-07-05 11:26:59', 'NPR'),
(252, 122, 849, 23, '2018-07-05 11:26:59', 'NPR'),
(253, 12, 12500, 4, '2018-07-05 11:26:59', 'NPR'),
(254, 153, 444, 11, '2018-07-05 11:26:59', 'NPR'),
(255, 55, 599, 8, '2018-07-05 11:26:59', 'NPR'),
(256, 123, 1299, 26, '2018-07-05 11:26:59', 'NPR'),
(257, 164, 1499, 25, '2018-07-05 11:26:59', 'NPR'),
(258, 152, 340, 48, '2018-07-05 11:26:59', 'NPR'),
(259, 13, 22790, 5, '2018-07-05 11:26:59', 'NPR'),
(260, 124, 4190, 6, '2018-07-05 11:26:59', 'NPR'),
(261, 57, 75, 25, '2018-07-05 11:26:59', 'NPR'),
(262, 75, 3299, 34, '2018-07-05 11:26:59', 'NPR'),
(263, 14, 26900, 4, '2018-07-05 11:26:59', 'NPR'),
(264, 155, 1650, 8, '2018-07-05 11:26:59', 'NPR'),
(265, 125, 1099, 41, '2018-07-05 11:26:59', 'NPR'),
(266, 156, 4099, 18, '2018-07-05 11:26:59', 'NPR'),
(267, 15, 10000, 20, '2018-07-05 11:26:59', 'NPR'),
(268, 58, 999, 33, '2018-07-05 11:26:59', 'NPR'),
(269, 126, 1149, 35, '2018-07-05 11:26:59', 'NPR'),
(270, 165, 899, 31, '2018-07-05 11:26:59', 'NPR'),
(271, 157, 1000, 33, '2018-07-05 11:26:59', 'NPR'),
(272, 60, 1049, 45, '2018-07-05 11:26:59', 'NPR'),
(273, 16, 14700, 6, '2018-07-05 11:26:59', 'NPR'),
(274, 166, 1549, 23, '2018-07-05 11:26:59', 'NPR'),
(275, 167, 2150, 39, '2018-07-05 11:26:59', 'NPR'),
(276, 143, 1888, 6, '2018-07-05 11:26:59', 'NPR'),
(277, 18, 10500, 34, '2018-07-05 11:26:59', 'NPR'),
(278, 80, 4499, 20, '2018-07-05 11:26:59', 'NPR'),
(279, 59, 499, 50, '2018-07-05 11:26:59', 'NPR'),
(280, 127, 1199, 51, '2018-07-05 11:26:59', 'NPR'),
(281, 19, 12500, 13, '2018-07-05 11:26:59', 'NPR'),
(282, 61, 149, 50, '2018-07-05 11:26:59', 'NPR'),
(283, 79, 1799, 37, '2018-07-05 11:26:59', 'NPR'),
(284, 20, 6899, 8, '2018-07-05 11:26:59', 'NPR'),
(285, 62, 380, 11, '2018-07-05 11:26:59', 'NPR'),
(286, 84, 949, 51, '2018-07-05 11:26:59', 'NPR'),
(287, 21, 27625, 15, '2018-07-05 11:26:59', 'NPR'),
(288, 64, 449, 55, '2018-07-05 11:26:59', 'NPR'),
(289, 81, 2199, 12, '2018-07-05 11:26:59', 'NPR'),
(290, 22, 14876, 7, '2018-07-05 11:26:59', 'NPR'),
(291, 168, 149, 70, '2018-07-05 11:26:59', 'NPR'),
(292, 23, 8500, 39, '2018-07-05 11:26:59', 'NPR'),
(293, 37, 475, 5, '2018-07-05 11:26:59', 'NPR'),
(294, 91, 1500, 40, '2018-07-05 11:26:59', 'NPR'),
(295, 25, 14500, 40, '2018-07-05 11:26:59', 'NPR'),
(296, 82, 1249, 43, '2018-07-05 11:26:59', 'NPR'),
(297, 28, 8500, 39, '2018-07-05 11:26:59', 'NPR'),
(298, 97, 1699, 15, '2018-07-05 11:26:59', 'NPR'),
(299, 83, 1295, 14, '2018-07-05 11:26:59', 'NPR'),
(300, 169, 8700, 25, '2018-07-05 11:26:59', 'NPR'),
(301, 29, 14500, 40, '2018-07-05 11:26:59', 'NPR'),
(302, 87, 2099, 40, '2018-07-05 11:26:59', 'NPR'),
(303, 88, 13499, 10, '2018-07-05 11:26:59', 'NPR'),
(304, 89, 1700, 39, '2018-07-05 11:26:59', 'NPR'),
(305, 90, 1490, 25, '2018-07-05 11:26:59', 'NPR'),
(306, 93, 999, 29, '2018-07-05 11:26:59', 'NPR'),
(307, 170, 1199, 40, '2018-07-05 11:26:59', 'NPR'),
(308, 94, 1699, 41, '2018-07-05 11:26:59', 'NPR'),
(309, 95, 2099, 16, '2018-07-05 11:26:59', 'NPR'),
(310, 158, 350, 42, '2018-07-05 11:30:05', 'NPR'),
(311, 70, 1149, 54, '2018-07-05 11:30:05', 'NPR'),
(312, 129, 444, 7, '2018-07-05 11:30:05', 'NPR'),
(313, 159, 6999, 53, '2018-07-05 11:30:05', 'NPR'),
(314, 69, 1749, 13, '2018-07-05 11:30:05', 'NPR'),
(315, 130, 1019, 29, '2018-07-05 11:30:05', 'NPR'),
(316, 30, 69, 66, '2018-07-05 11:30:05', 'NPR'),
(317, 26, 20115, 4, '2018-07-05 11:30:05', 'NPR'),
(318, 131, 450, 36, '2018-07-05 11:30:05', 'NPR'),
(319, 161, 4999, 50, '2018-07-05 11:30:05', 'NPR'),
(320, 1, 40923, 35, '2018-07-05 11:30:05', 'NPR'),
(321, 31, 359, 64, '2018-07-05 11:30:05', 'NPR'),
(322, 27, 18199, 4, '2018-07-05 11:30:05', 'NPR'),
(323, 32, 125, 17, '2018-07-05 11:30:05', 'NPR'),
(324, 67, 7899, 34, '2018-07-05 11:30:05', 'NPR'),
(325, 132, 390, 22, '2018-07-05 11:30:05', 'NPR'),
(326, 33, 1499, 32, '2018-07-05 11:30:05', 'NPR'),
(327, 160, 44000, 20, '2018-07-05 11:30:05', 'NPR'),
(328, 66, 799, 43, '2018-07-05 11:30:05', 'NPR'),
(329, 34, 335, 4, '2018-07-05 11:30:05', 'NPR'),
(330, 133, 4225, 6, '2018-07-05 11:30:05', 'NPR'),
(331, 162, 18199, 4, '2018-07-05 11:30:05', 'NPR'),
(332, 68, 2199, 12, '2018-07-05 11:30:05', 'NPR'),
(333, 36, 170, 3, '2018-07-05 11:30:05', 'NPR'),
(334, 163, 18199, 4, '2018-07-05 11:30:05', 'NPR'),
(335, 134, 444, 32, '2018-07-05 11:30:05', 'NPR'),
(336, 35, 475, 5, '2018-07-05 11:30:05', 'NPR'),
(337, 99, 749, 25, '2018-07-05 11:30:05', 'NPR'),
(338, 73, 2499, 33, '2018-07-05 11:30:05', 'NPR'),
(339, 3, 18500, 29, '2018-07-05 11:30:05', 'NPR'),
(340, 37, 475, 5, '2018-07-05 11:30:05', 'NPR'),
(341, 135, 4225, 6, '2018-07-05 11:30:05', 'NPR'),
(342, 100, 750, 63, '2018-07-05 11:30:05', 'NPR'),
(343, 74, 4479, 15, '2018-07-05 11:30:05', 'NPR'),
(344, 137, 380, 31, '2018-07-05 11:30:06', 'NPR'),
(345, 2, 11900, 43, '2018-07-05 11:30:06', 'NPR'),
(346, 39, 1649, 34, '2018-07-05 11:30:06', 'NPR'),
(347, 76, 2499, 50, '2018-07-05 11:30:06', 'NPR'),
(348, 101, 399, 17, '2018-07-05 11:30:06', 'NPR'),
(349, 136, 2200, 21, '2018-07-05 11:30:06', 'NPR'),
(350, 38, 285, 5, '2018-07-05 11:30:06', 'NPR'),
(351, 164, 1499, 25, '2018-07-05 11:30:06', 'NPR'),
(352, 102, 619, 31, '2018-07-05 11:30:06', 'NPR'),
(353, 4, 8900, 46, '2018-07-05 11:30:06', 'NPR'),
(354, 48, 100, 13, '2018-07-05 11:30:06', 'NPR'),
(355, 138, 1799, 40, '2018-07-05 11:30:06', 'NPR'),
(356, 75, 3299, 34, '2018-07-05 11:30:06', 'NPR'),
(357, 142, 500, 33, '2018-07-05 11:30:06', 'NPR'),
(358, 40, 335, 33, '2018-07-05 11:30:06', 'NPR'),
(359, 103, 1199, 52, '2018-07-05 11:30:06', 'NPR'),
(360, 165, 899, 31, '2018-07-05 11:30:06', 'NPR'),
(361, 6, 8999, 46, '2018-07-05 11:30:06', 'NPR'),
(362, 139, 899, 25, '2018-07-05 11:30:06', 'NPR'),
(363, 42, 100, 33, '2018-07-05 11:30:06', 'NPR'),
(364, 140, 1499, 3, '2018-07-05 11:30:06', 'NPR'),
(365, 167, 2150, 39, '2018-07-05 11:30:06', 'NPR'),
(366, 5, 6999, 11, '2018-07-05 11:30:06', 'NPR'),
(367, 104, 1449, 24, '2018-07-05 11:30:06', 'NPR'),
(368, 41, 499, 38, '2018-07-05 11:30:06', 'NPR'),
(369, 105, 499, 29, '2018-07-05 11:30:06', 'NPR'),
(370, 7, 3997, 8, '2018-07-05 11:30:06', 'NPR'),
(371, 80, 4499, 20, '2018-07-05 11:30:06', 'NPR'),
(372, 141, 2599, 38, '2018-07-05 11:30:06', 'NPR'),
(373, 106, 645, 16, '2018-07-05 11:30:06', 'NPR'),
(374, 145, 899, 10, '2018-07-05 11:30:06', 'NPR'),
(375, 8, 26900, 4, '2018-07-05 11:30:06', 'NPR'),
(376, 79, 1799, 37, '2018-07-05 11:30:06', 'NPR'),
(377, 45, 899, 55, '2018-07-05 11:30:06', 'NPR'),
(378, 143, 1888, 6, '2018-07-05 11:30:06', 'NPR'),
(379, 107, 960, 4, '2018-07-05 11:30:06', 'NPR'),
(380, 46, 499, 62, '2018-07-05 11:30:06', 'NPR'),
(381, 84, 949, 51, '2018-07-05 11:30:06', 'NPR'),
(382, 9, 14900, 4, '2018-07-05 11:30:06', 'NPR'),
(383, 144, 1199, 39, '2018-07-05 11:30:06', 'NPR'),
(384, 47, 399, 60, '2018-07-05 11:30:06', 'NPR'),
(385, 81, 2199, 12, '2018-07-05 11:30:06', 'NPR'),
(386, 108, 799, 33, '2018-07-05 11:30:06', 'NPR'),
(387, 10, 18999, 27, '2018-07-05 11:30:06', 'NPR'),
(388, 49, 100, 13, '2018-07-05 11:30:06', 'NPR'),
(389, 146, 899, 10, '2018-07-05 11:30:06', 'NPR'),
(390, 91, 1500, 40, '2018-07-05 11:30:06', 'NPR'),
(391, 50, 100, 13, '2018-07-05 11:30:06', 'NPR'),
(392, 12, 12500, 4, '2018-07-05 11:30:06', 'NPR'),
(393, 147, 1150, 21, '2018-07-05 11:30:06', 'NPR'),
(394, 51, 750, 25, '2018-07-05 11:30:06', 'NPR'),
(395, 82, 1249, 43, '2018-07-05 11:30:06', 'NPR'),
(396, 109, 1049, 48, '2018-07-05 11:30:06', 'NPR'),
(397, 13, 22790, 5, '2018-07-05 11:30:06', 'NPR'),
(398, 53, 4199, 16, '2018-07-05 11:30:06', 'NPR'),
(399, 97, 1699, 15, '2018-07-05 11:30:06', 'NPR'),
(400, 148, 1700, 43, '2018-07-05 11:30:06', 'NPR'),
(401, 52, 849, 43, '2018-07-05 11:30:06', 'NPR'),
(402, 110, 1600, 11, '2018-07-05 11:30:06', 'NPR'),
(403, 83, 1295, 14, '2018-07-05 11:30:06', 'NPR'),
(404, 149, 1699, 4, '2018-07-05 11:30:06', 'NPR'),
(405, 14, 26900, 4, '2018-07-05 11:30:06', 'NPR'),
(406, 54, 349, 53, '2018-07-05 11:30:06', 'NPR'),
(407, 15, 10000, 20, '2018-07-05 11:30:06', 'NPR'),
(408, 16, 14700, 6, '2018-07-05 11:30:06', 'NPR'),
(409, 56, 899, 29, '2018-07-05 11:30:06', 'NPR'),
(410, 150, 1099, 35, '2018-07-05 11:30:06', 'NPR'),
(411, 87, 2099, 40, '2018-07-05 11:30:06', 'NPR'),
(412, 111, 449, 31, '2018-07-05 11:30:06', 'NPR'),
(413, 55, 599, 8, '2018-07-05 11:30:06', 'NPR'),
(414, 88, 13499, 10, '2018-07-05 11:30:06', 'NPR'),
(415, 18, 10500, 34, '2018-07-05 11:30:06', 'NPR'),
(416, 151, 1800, 10, '2018-07-05 11:30:06', 'NPR'),
(417, 19, 12500, 13, '2018-07-05 11:30:06', 'NPR'),
(418, 89, 1700, 39, '2018-07-05 11:30:06', 'NPR'),
(419, 153, 444, 11, '2018-07-05 11:30:06', 'NPR'),
(420, 57, 75, 25, '2018-07-05 11:30:06', 'NPR'),
(421, 90, 1490, 25, '2018-07-05 11:30:06', 'NPR'),
(422, 112, 999, 23, '2018-07-05 11:30:06', 'NPR'),
(423, 20, 6899, 8, '2018-07-05 11:30:06', 'NPR'),
(424, 58, 999, 33, '2018-07-05 11:30:06', 'NPR'),
(425, 93, 999, 29, '2018-07-05 11:30:06', 'NPR'),
(426, 152, 340, 48, '2018-07-05 11:30:06', 'NPR'),
(427, 21, 27625, 15, '2018-07-05 11:30:06', 'NPR'),
(428, 113, 700, 30, '2018-07-05 11:30:06', 'NPR'),
(429, 60, 1049, 45, '2018-07-05 11:30:06', 'NPR'),
(430, 155, 1650, 8, '2018-07-05 11:30:06', 'NPR'),
(431, 170, 1199, 40, '2018-07-05 11:30:06', 'NPR'),
(432, 22, 14876, 7, '2018-07-05 11:30:06', 'NPR'),
(433, 59, 499, 50, '2018-07-05 11:30:06', 'NPR'),
(434, 156, 4099, 18, '2018-07-05 11:30:06', 'NPR'),
(435, 94, 1699, 41, '2018-07-05 11:30:06', 'NPR'),
(436, 23, 8500, 39, '2018-07-05 11:30:06', 'NPR'),
(437, 61, 149, 50, '2018-07-05 11:30:06', 'NPR'),
(438, 157, 1000, 33, '2018-07-05 11:30:06', 'NPR'),
(439, 115, 850, 43, '2018-07-05 11:30:06', 'NPR'),
(440, 95, 2099, 16, '2018-07-05 11:30:06', 'NPR'),
(441, 62, 380, 11, '2018-07-05 11:30:06', 'NPR'),
(442, 25, 14500, 40, '2018-07-05 11:30:06', 'NPR'),
(443, 64, 449, 55, '2018-07-05 11:30:06', 'NPR'),
(444, 28, 8500, 39, '2018-07-05 11:30:06', 'NPR'),
(445, 114, 799, 20, '2018-07-05 11:30:06', 'NPR'),
(446, 168, 149, 70, '2018-07-05 11:30:06', 'NPR'),
(447, 169, 8700, 25, '2018-07-05 11:30:06', 'NPR'),
(448, 29, 14500, 40, '2018-07-05 11:30:06', 'NPR'),
(449, 116, 999, 37, '2018-07-05 11:30:06', 'NPR'),
(450, 117, 799, 21, '2018-07-05 11:30:06', 'NPR'),
(451, 118, 850, 43, '2018-07-05 11:30:06', 'NPR'),
(452, 119, 1450, 19, '2018-07-05 11:30:06', 'NPR'),
(453, 120, 999, 17, '2018-07-05 11:30:06', 'NPR'),
(454, 121, 799, 43, '2018-07-05 11:30:06', 'NPR'),
(455, 123, 1299, 26, '2018-07-05 11:30:06', 'NPR'),
(456, 124, 4190, 6, '2018-07-05 11:30:06', 'NPR'),
(457, 125, 1099, 41, '2018-07-05 11:30:06', 'NPR'),
(458, 166, 1549, 23, '2018-07-05 11:30:06', 'NPR'),
(459, 127, 1199, 51, '2018-07-05 11:30:06', 'NPR'),
(460, 128, 1800, 28, '2018-07-05 11:30:06', 'NPR'),
(461, 122, 849, 23, '2018-07-05 11:30:06', 'NPR'),
(462, 30, 69, 66, '2018-07-08 06:41:11', 'NPR'),
(463, 31, 359, 64, '2018-07-08 06:41:11', 'NPR'),
(464, 99, 749, 25, '2018-07-08 06:41:12', 'NPR'),
(465, 33, 1499, 32, '2018-07-08 06:41:12', 'NPR'),
(466, 129, 444, 7, '2018-07-08 06:41:12', 'NPR'),
(467, 100, 750, 63, '2018-07-08 06:41:12', 'NPR'),
(468, 36, 170, 3, '2018-07-08 06:41:12', 'NPR'),
(469, 34, 335, 4, '2018-07-08 06:41:12', 'NPR'),
(470, 131, 450, 36, '2018-07-08 06:41:12', 'NPR'),
(471, 25, 14500, 40, '2018-07-08 06:41:12', 'NPR'),
(472, 35, 475, 5, '2018-07-08 06:41:12', 'NPR'),
(473, 101, 399, 17, '2018-07-08 06:41:12', 'NPR'),
(474, 69, 1749, 13, '2018-07-08 06:41:12', 'NPR'),
(475, 37, 475, 5, '2018-07-08 06:41:12', 'NPR'),
(476, 132, 390, 22, '2018-07-08 06:41:12', 'NPR'),
(477, 102, 619, 31, '2018-07-08 06:41:12', 'NPR'),
(478, 161, 4999, 50, '2018-07-08 06:41:12', 'NPR'),
(479, 26, 20115, 4, '2018-07-08 06:41:12', 'NPR'),
(480, 39, 1649, 34, '2018-07-08 06:41:12', 'NPR'),
(481, 137, 450, 18, '2018-07-08 06:41:12', 'NPR'),
(482, 29, 14500, 40, '2018-07-08 06:41:12', 'NPR'),
(483, 103, 1199, 52, '2018-07-08 06:41:12', 'NPR'),
(484, 67, 7899, 34, '2018-07-08 06:41:12', 'NPR'),
(485, 38, 285, 5, '2018-07-08 06:41:12', 'NPR'),
(486, 171, 3925, 13, '2018-07-08 06:41:12', 'NPR'),
(487, 104, 1449, 24, '2018-07-08 06:41:12', 'NPR'),
(488, 133, 4225, 6, '2018-07-08 06:41:12', 'NPR'),
(489, 42, 100, 33, '2018-07-08 06:41:12', 'NPR'),
(490, 106, 645, 16, '2018-07-08 06:41:12', 'NPR'),
(491, 66, 799, 43, '2018-07-08 06:41:12', 'NPR'),
(492, 40, 335, 33, '2018-07-08 06:41:12', 'NPR'),
(493, 105, 499, 29, '2018-07-08 06:41:12', 'NPR'),
(494, 27, 18199, 4, '2018-07-08 06:41:12', 'NPR'),
(495, 134, 444, 32, '2018-07-08 06:41:12', 'NPR'),
(496, 107, 960, 4, '2018-07-08 06:41:12', 'NPR'),
(497, 162, 18199, 4, '2018-07-08 06:41:12', 'NPR'),
(498, 68, 2199, 12, '2018-07-08 06:41:12', 'NPR'),
(499, 48, 100, 13, '2018-07-08 06:41:12', 'NPR'),
(500, 108, 799, 33, '2018-07-08 06:41:12', 'NPR'),
(501, 135, 4225, 6, '2018-07-08 06:41:12', 'NPR'),
(502, 41, 499, 38, '2018-07-08 06:41:12', 'NPR'),
(503, 109, 1049, 48, '2018-07-08 06:41:12', 'NPR'),
(504, 142, 500, 33, '2018-07-08 06:41:12', 'NPR'),
(505, 45, 899, 55, '2018-07-08 06:41:12', 'NPR'),
(506, 110, 1600, 11, '2018-07-08 06:41:12', 'NPR'),
(507, 172, 16000, 41, '2018-07-08 06:41:12', 'NPR'),
(508, 46, 499, 62, '2018-07-08 06:41:12', 'NPR'),
(509, 136, 2200, 21, '2018-07-08 06:41:12', 'NPR'),
(510, 111, 449, 31, '2018-07-08 06:41:12', 'NPR'),
(511, 47, 399, 60, '2018-07-08 06:41:12', 'NPR'),
(512, 163, 18199, 4, '2018-07-08 06:41:12', 'NPR'),
(513, 74, 4399, 17, '2018-07-08 06:41:12', 'NPR'),
(514, 139, 899, 25, '2018-07-08 06:41:12', 'NPR'),
(515, 49, 100, 13, '2018-07-08 06:41:12', 'NPR'),
(516, 112, 999, 23, '2018-07-08 06:41:12', 'NPR'),
(517, 173, 8500, 49, '2018-07-08 06:41:12', 'NPR'),
(518, 50, 100, 13, '2018-07-08 06:41:12', 'NPR'),
(519, 115, 850, 43, '2018-07-08 06:41:12', 'NPR'),
(520, 51, 750, 25, '2018-07-08 06:41:12', 'NPR'),
(521, 138, 1799, 40, '2018-07-08 06:41:12', 'NPR'),
(522, 73, 2499, 33, '2018-07-08 06:41:12', 'NPR'),
(523, 53, 4199, 16, '2018-07-08 06:41:12', 'NPR'),
(524, 113, 700, 30, '2018-07-08 06:41:12', 'NPR'),
(525, 174, 5150, 37, '2018-07-08 06:41:12', 'NPR'),
(526, 76, 2499, 50, '2018-07-08 06:41:12', 'NPR'),
(527, 58, 999, 33, '2018-07-08 06:41:12', 'NPR'),
(528, 140, 1499, 3, '2018-07-08 06:41:12', 'NPR'),
(529, 175, 1149, 43, '2018-07-08 06:41:12', 'NPR'),
(530, 52, 849, 43, '2018-07-08 06:41:12', 'NPR'),
(531, 15, 10000, 20, '2018-07-08 06:41:12', 'NPR'),
(532, 75, 3299, 34, '2018-07-08 06:41:12', 'NPR'),
(533, 141, 2599, 38, '2018-07-08 06:41:12', 'NPR'),
(534, 114, 799, 20, '2018-07-08 06:41:12', 'NPR'),
(535, 165, 899, 31, '2018-07-08 06:41:12', 'NPR'),
(536, 143, 1888, 6, '2018-07-08 06:41:12', 'NPR'),
(537, 1, 40923, 35, '2018-07-08 06:41:12', 'NPR'),
(538, 54, 349, 53, '2018-07-08 06:41:12', 'NPR'),
(539, 164, 1499, 25, '2018-07-08 06:41:12', 'NPR'),
(540, 144, 1199, 39, '2018-07-08 06:41:12', 'NPR'),
(541, 10, 17400, 33, '2018-07-08 06:41:12', 'NPR'),
(542, 167, 2150, 39, '2018-07-08 06:41:12', 'NPR'),
(543, 160, 44000, 20, '2018-07-08 06:41:12', 'NPR'),
(544, 80, 4499, 20, '2018-07-08 06:41:12', 'NPR'),
(545, 4, 8900, 46, '2018-07-08 06:41:12', 'NPR'),
(546, 116, 999, 37, '2018-07-08 06:41:12', 'NPR'),
(547, 157, 1000, 33, '2018-07-08 06:41:12', 'NPR'),
(548, 89, 1700, 39, '2018-07-08 06:41:12', 'NPR'),
(549, 56, 899, 29, '2018-07-08 06:41:12', 'NPR'),
(550, 5, 6999, 11, '2018-07-08 06:41:12', 'NPR'),
(551, 117, 799, 21, '2018-07-08 06:41:12', 'NPR'),
(552, 79, 1799, 37, '2018-07-08 06:41:12', 'NPR'),
(553, 3, 18500, 29, '2018-07-08 06:41:12', 'NPR'),
(554, 145, 899, 10, '2018-07-08 06:41:12', 'NPR'),
(555, 57, 75, 25, '2018-07-08 06:41:12', 'NPR'),
(556, 18, 10500, 34, '2018-07-08 06:41:12', 'NPR'),
(557, 83, 1295, 14, '2018-07-08 06:41:12', 'NPR'),
(558, 148, 1700, 43, '2018-07-08 06:41:12', 'NPR'),
(559, 55, 599, 8, '2018-07-08 06:41:12', 'NPR'),
(560, 118, 850, 43, '2018-07-08 06:41:12', 'NPR'),
(561, 85, 1099, 50, '2018-07-08 06:41:12', 'NPR'),
(562, 176, 4120, 39, '2018-07-08 06:41:12', 'NPR'),
(563, 60, 1049, 45, '2018-07-08 06:41:12', 'NPR'),
(564, 23, 8500, 39, '2018-07-08 06:41:12', 'NPR'),
(565, 146, 899, 10, '2018-07-08 06:41:12', 'NPR'),
(566, 119, 1450, 19, '2018-07-08 06:41:12', 'NPR'),
(567, 84, 949, 51, '2018-07-08 06:41:12', 'NPR'),
(568, 61, 149, 50, '2018-07-08 06:41:12', 'NPR'),
(569, 81, 2199, 12, '2018-07-08 06:41:12', 'NPR'),
(570, 147, 1150, 21, '2018-07-08 06:41:12', 'NPR'),
(571, 13, 22790, 5, '2018-07-08 06:41:12', 'NPR'),
(572, 120, 999, 17, '2018-07-08 06:41:12', 'NPR'),
(573, 62, 380, 11, '2018-07-08 06:41:12', 'NPR'),
(574, 64, 449, 55, '2018-07-08 06:41:12', 'NPR'),
(575, 82, 1249, 43, '2018-07-08 06:41:12', 'NPR'),
(576, 127, 1199, 51, '2018-07-08 06:41:12', 'NPR'),
(577, 149, 1699, 4, '2018-07-08 06:41:12', 'NPR'),
(578, 14, 26900, 4, '2018-07-08 06:41:12', 'NPR'),
(579, 59, 499, 50, '2018-07-08 06:41:12', 'NPR'),
(580, 6, 8999, 46, '2018-07-08 06:41:12', 'NPR'),
(581, 153, 444, 11, '2018-07-08 06:41:12', 'NPR'),
(582, 91, 1500, 40, '2018-07-08 06:41:12', 'NPR'),
(583, 168, 149, 70, '2018-07-08 06:41:12', 'NPR'),
(584, 121, 799, 43, '2018-07-08 06:41:12', 'NPR'),
(585, 150, 1099, 35, '2018-07-08 06:41:12', 'NPR'),
(586, 24, 55680, 4, '2018-07-08 06:41:12', 'NPR'),
(587, 122, 849, 23, '2018-07-08 06:41:12', 'NPR'),
(588, 177, 999, 44, '2018-07-08 06:41:12', 'NPR'),
(589, 97, 1699, 15, '2018-07-08 06:41:12', 'NPR'),
(590, 7, 3997, 8, '2018-07-08 06:41:12', 'NPR'),
(591, 123, 1299, 26, '2018-07-08 06:41:12', 'NPR'),
(592, 151, 1800, 10, '2018-07-08 06:41:12', 'NPR'),
(593, 87, 2099, 40, '2018-07-08 06:41:12', 'NPR'),
(594, 8, 26900, 4, '2018-07-08 06:41:12', 'NPR'),
(595, 96, 1750, 17, '2018-07-08 06:41:12', 'NPR'),
(596, 124, 4190, 6, '2018-07-08 06:41:12', 'NPR'),
(597, 9, 14900, 4, '2018-07-08 06:41:12', 'NPR'),
(598, 178, 1800, 10, '2018-07-08 06:41:12', 'NPR'),
(599, 125, 1099, 41, '2018-07-08 06:41:12', 'NPR'),
(600, 155, 1650, 8, '2018-07-08 06:41:12', 'NPR'),
(601, 88, 13499, 10, '2018-07-08 06:41:12', 'NPR'),
(602, 12, 12500, 4, '2018-07-08 06:41:12', 'NPR'),
(603, 128, 1800, 28, '2018-07-08 06:41:12', 'NPR'),
(604, 16, 14700, 6, '2018-07-08 06:41:12', 'NPR'),
(605, 156, 4099, 18, '2018-07-08 06:41:12', 'NPR'),
(606, 90, 1490, 25, '2018-07-08 06:41:12', 'NPR'),
(607, 94, 1699, 41, '2018-07-08 06:41:12', 'NPR'),
(608, 19, 12500, 13, '2018-07-08 06:41:12', 'NPR'),
(609, 179, 1075, 33, '2018-07-08 06:41:12', 'NPR'),
(610, 180, 999, 17, '2018-07-08 06:41:12', 'NPR'),
(611, 20, 6899, 8, '2018-07-08 06:41:12', 'NPR'),
(612, 170, 1199, 40, '2018-07-08 06:41:12', 'NPR'),
(613, 21, 27625, 15, '2018-07-08 06:41:12', 'NPR'),
(614, 99, 749, 25, '2018-07-08 06:44:05', 'NPR'),
(615, 100, 750, 63, '2018-07-08 06:44:05', 'NPR'),
(616, 101, 399, 17, '2018-07-08 06:44:05', 'NPR'),
(617, 102, 619, 31, '2018-07-08 06:44:05', 'NPR'),
(618, 103, 1199, 52, '2018-07-08 06:44:05', 'NPR'),
(619, 104, 1449, 24, '2018-07-08 06:44:05', 'NPR'),
(620, 69, 1749, 13, '2018-07-08 06:44:06', 'NPR'),
(621, 106, 645, 16, '2018-07-08 06:44:06', 'NPR'),
(622, 25, 14500, 40, '2018-07-08 06:44:06', 'NPR'),
(623, 161, 4999, 50, '2018-07-08 06:44:06', 'NPR'),
(624, 26, 20115, 4, '2018-07-08 06:44:06', 'NPR'),
(625, 105, 499, 29, '2018-07-08 06:44:06', 'NPR'),
(626, 129, 444, 7, '2018-07-08 06:44:06', 'NPR'),
(627, 29, 14500, 40, '2018-07-08 06:44:06', 'NPR'),
(628, 67, 7899, 34, '2018-07-08 06:44:06', 'NPR'),
(629, 107, 960, 4, '2018-07-08 06:44:06', 'NPR'),
(630, 27, 18199, 4, '2018-07-08 06:44:06', 'NPR'),
(631, 131, 450, 36, '2018-07-08 06:44:06', 'NPR'),
(632, 66, 799, 43, '2018-07-08 06:44:06', 'NPR'),
(633, 108, 799, 33, '2018-07-08 06:44:06', 'NPR'),
(634, 132, 390, 22, '2018-07-08 06:44:06', 'NPR'),
(635, 68, 2199, 12, '2018-07-08 06:44:06', 'NPR'),
(636, 109, 1049, 48, '2018-07-08 06:44:06', 'NPR'),
(637, 162, 18199, 4, '2018-07-08 06:44:06', 'NPR'),
(638, 110, 1600, 11, '2018-07-08 06:44:06', 'NPR'),
(639, 137, 450, 18, '2018-07-08 06:44:06', 'NPR'),
(640, 74, 4399, 17, '2018-07-08 06:44:06', 'NPR'),
(641, 172, 16000, 41, '2018-07-08 06:44:06', 'NPR'),
(642, 111, 449, 31, '2018-07-08 06:44:06', 'NPR'),
(643, 171, 3925, 13, '2018-07-08 06:44:06', 'NPR'),
(644, 73, 2499, 33, '2018-07-08 06:44:06', 'NPR'),
(645, 30, 69, 66, '2018-07-08 06:44:06', 'NPR'),
(646, 76, 2499, 50, '2018-07-08 06:44:06', 'NPR'),
(647, 133, 4225, 6, '2018-07-08 06:44:06', 'NPR'),
(648, 163, 18199, 4, '2018-07-08 06:44:06', 'NPR'),
(649, 112, 999, 23, '2018-07-08 06:44:06', 'NPR'),
(650, 31, 359, 64, '2018-07-08 06:44:06', 'NPR'),
(651, 75, 3299, 34, '2018-07-08 06:44:06', 'NPR'),
(652, 173, 8500, 49, '2018-07-08 06:44:06', 'NPR'),
(653, 134, 444, 32, '2018-07-08 06:44:06', 'NPR'),
(654, 115, 850, 43, '2018-07-08 06:44:06', 'NPR'),
(655, 33, 1499, 32, '2018-07-08 06:44:06', 'NPR'),
(656, 165, 899, 31, '2018-07-08 06:44:06', 'NPR'),
(657, 174, 5150, 37, '2018-07-08 06:44:06', 'NPR'),
(658, 36, 170, 3, '2018-07-08 06:44:06', 'NPR'),
(659, 113, 700, 30, '2018-07-08 06:44:06', 'NPR'),
(660, 15, 10000, 20, '2018-07-08 06:44:06', 'NPR'),
(661, 164, 1499, 25, '2018-07-08 06:44:06', 'NPR'),
(662, 135, 4225, 6, '2018-07-08 06:44:06', 'NPR'),
(663, 175, 1149, 43, '2018-07-08 06:44:06', 'NPR'),
(664, 167, 2150, 39, '2018-07-08 06:44:06', 'NPR'),
(665, 34, 335, 4, '2018-07-08 06:44:06', 'NPR'),
(666, 142, 500, 33, '2018-07-08 06:44:06', 'NPR'),
(667, 114, 799, 20, '2018-07-08 06:44:06', 'NPR'),
(668, 1, 40923, 35, '2018-07-08 06:44:06', 'NPR'),
(669, 35, 475, 5, '2018-07-08 06:44:06', 'NPR'),
(670, 80, 4499, 20, '2018-07-08 06:44:06', 'NPR'),
(671, 136, 2200, 21, '2018-07-08 06:44:06', 'NPR'),
(672, 10, 17400, 33, '2018-07-08 06:44:06', 'NPR'),
(673, 116, 999, 37, '2018-07-08 06:44:06', 'NPR'),
(674, 139, 899, 25, '2018-07-08 06:44:06', 'NPR'),
(675, 37, 475, 5, '2018-07-08 06:44:06', 'NPR'),
(676, 89, 1700, 39, '2018-07-08 06:44:06', 'NPR'),
(677, 160, 44000, 20, '2018-07-08 06:44:06', 'NPR'),
(678, 117, 799, 21, '2018-07-08 06:44:06', 'NPR'),
(679, 79, 1799, 37, '2018-07-08 06:44:06', 'NPR'),
(680, 39, 1649, 34, '2018-07-08 06:44:06', 'NPR'),
(681, 4, 8900, 46, '2018-07-08 06:44:06', 'NPR'),
(682, 138, 1799, 40, '2018-07-08 06:44:06', 'NPR'),
(683, 118, 850, 43, '2018-07-08 06:44:06', 'NPR'),
(684, 83, 1295, 14, '2018-07-08 06:44:06', 'NPR'),
(685, 38, 285, 5, '2018-07-08 06:44:06', 'NPR'),
(686, 140, 1499, 3, '2018-07-08 06:44:06', 'NPR'),
(687, 119, 1450, 19, '2018-07-08 06:44:06', 'NPR'),
(688, 5, 6999, 11, '2018-07-08 06:44:06', 'NPR'),
(689, 85, 1099, 50, '2018-07-08 06:44:06', 'NPR'),
(690, 120, 999, 17, '2018-07-08 06:44:06', 'NPR'),
(691, 42, 100, 33, '2018-07-08 06:44:06', 'NPR'),
(692, 40, 335, 33, '2018-07-08 06:44:06', 'NPR'),
(693, 141, 2599, 38, '2018-07-08 06:44:06', 'NPR'),
(694, 3, 18500, 29, '2018-07-08 06:44:06', 'NPR'),
(695, 127, 1199, 51, '2018-07-08 06:44:06', 'NPR'),
(696, 84, 949, 51, '2018-07-08 06:44:06', 'NPR'),
(697, 143, 1888, 6, '2018-07-08 06:44:06', 'NPR'),
(698, 48, 100, 13, '2018-07-08 06:44:06', 'NPR'),
(699, 121, 799, 43, '2018-07-08 06:44:06', 'NPR'),
(700, 18, 10500, 34, '2018-07-08 06:44:06', 'NPR'),
(701, 81, 2199, 12, '2018-07-08 06:44:06', 'NPR'),
(702, 122, 849, 23, '2018-07-08 06:44:06', 'NPR'),
(703, 144, 1199, 39, '2018-07-08 06:44:06', 'NPR'),
(704, 176, 4120, 39, '2018-07-08 06:44:06', 'NPR'),
(705, 41, 499, 38, '2018-07-08 06:44:06', 'NPR'),
(706, 157, 1000, 33, '2018-07-08 06:44:06', 'NPR'),
(707, 45, 899, 55, '2018-07-08 06:44:06', 'NPR'),
(708, 123, 1299, 26, '2018-07-08 06:44:06', 'NPR'),
(709, 23, 8500, 39, '2018-07-08 06:44:06', 'NPR'),
(710, 82, 1249, 43, '2018-07-08 06:44:06', 'NPR'),
(711, 145, 899, 10, '2018-07-08 06:44:06', 'NPR'),
(712, 46, 499, 62, '2018-07-08 06:44:06', 'NPR'),
(713, 91, 1500, 40, '2018-07-08 06:44:06', 'NPR'),
(714, 47, 399, 60, '2018-07-08 06:44:06', 'NPR'),
(715, 148, 1700, 43, '2018-07-08 06:44:06', 'NPR'),
(716, 124, 4190, 6, '2018-07-08 06:44:06', 'NPR'),
(717, 13, 22790, 5, '2018-07-08 06:44:06', 'NPR'),
(718, 49, 100, 13, '2018-07-08 06:44:06', 'NPR'),
(719, 125, 1099, 41, '2018-07-08 06:44:06', 'NPR'),
(720, 146, 899, 10, '2018-07-08 06:44:06', 'NPR'),
(721, 14, 26900, 4, '2018-07-08 06:44:06', 'NPR'),
(722, 97, 1699, 15, '2018-07-08 06:44:06', 'NPR'),
(723, 50, 100, 13, '2018-07-08 06:44:06', 'NPR'),
(724, 6, 8999, 46, '2018-07-08 06:44:06', 'NPR'),
(725, 147, 1150, 21, '2018-07-08 06:44:06', 'NPR'),
(726, 51, 750, 25, '2018-07-08 06:44:06', 'NPR'),
(727, 87, 2099, 40, '2018-07-08 06:44:06', 'NPR'),
(728, 53, 4199, 16, '2018-07-08 06:44:06', 'NPR'),
(729, 128, 1800, 28, '2018-07-08 06:44:06', 'NPR'),
(730, 24, 55680, 4, '2018-07-08 06:44:06', 'NPR'),
(731, 96, 1750, 17, '2018-07-08 06:44:06', 'NPR'),
(732, 149, 1699, 4, '2018-07-08 06:44:06', 'NPR'),
(733, 58, 999, 33, '2018-07-08 06:44:06', 'NPR'),
(734, 7, 3997, 8, '2018-07-08 06:44:06', 'NPR'),
(735, 88, 13499, 10, '2018-07-08 06:44:06', 'NPR'),
(736, 153, 444, 11, '2018-07-08 06:44:06', 'NPR'),
(737, 52, 849, 43, '2018-07-08 06:44:06', 'NPR'),
(738, 8, 26900, 4, '2018-07-08 06:44:06', 'NPR'),
(739, 90, 1490, 25, '2018-07-08 06:44:06', 'NPR'),
(740, 54, 349, 53, '2018-07-08 06:44:06', 'NPR'),
(741, 150, 1099, 35, '2018-07-08 06:44:06', 'NPR'),
(742, 9, 14900, 4, '2018-07-08 06:44:06', 'NPR'),
(743, 56, 899, 29, '2018-07-08 06:44:06', 'NPR'),
(744, 94, 1699, 41, '2018-07-08 06:44:06', 'NPR'),
(745, 151, 1800, 10, '2018-07-08 06:44:06', 'NPR'),
(746, 12, 12500, 4, '2018-07-08 06:44:06', 'NPR'),
(747, 180, 999, 17, '2018-07-08 06:44:06', 'NPR'),
(748, 57, 75, 25, '2018-07-08 06:44:06', 'NPR'),
(749, 178, 1800, 10, '2018-07-08 06:44:06', 'NPR'),
(750, 170, 1199, 40, '2018-07-08 06:44:06', 'NPR'),
(751, 16, 14700, 6, '2018-07-08 06:44:06', 'NPR'),
(752, 55, 599, 8, '2018-07-08 06:44:06', 'NPR'),
(753, 155, 1650, 8, '2018-07-08 06:44:06', 'NPR'),
(754, 19, 12500, 13, '2018-07-08 06:44:06', 'NPR'),
(755, 60, 1049, 45, '2018-07-08 06:44:06', 'NPR'),
(756, 156, 4099, 18, '2018-07-08 06:44:06', 'NPR'),
(757, 179, 1075, 33, '2018-07-08 06:44:07', 'NPR'),
(758, 61, 149, 50, '2018-07-08 06:44:07', 'NPR'),
(759, 20, 6899, 8, '2018-07-08 06:44:07', 'NPR'),
(760, 21, 27625, 15, '2018-07-08 06:44:07', 'NPR'),
(761, 62, 380, 11, '2018-07-08 06:44:07', 'NPR'),
(762, 64, 449, 55, '2018-07-08 06:44:07', 'NPR'),
(763, 59, 499, 50, '2018-07-08 06:44:07', 'NPR'),
(764, 168, 149, 70, '2018-07-08 06:44:07', 'NPR'),
(765, 177, 999, 44, '2018-07-08 06:44:07', 'NPR');

-- --------------------------------------------------------

--
-- Table structure for table `products`
--
-- Creation: Jul 01, 2018 at 10:37 AM
--

CREATE TABLE `products` (
  `id` int(11) NOT NULL,
  `sku` char(19) NOT NULL,
  `brand` text,
  `name` text NOT NULL,
  `category` int(11) NOT NULL,
  `link` text NOT NULL,
  `image_link` text NOT NULL,
  `reviews` int(11) DEFAULT NULL,
  `date_issued` timestamp NOT NULL DEFAULT CURRENT_TIMESTAMP,
  `date_updated` timestamp NOT NULL DEFAULT CURRENT_TIMESTAMP
) ENGINE=InnoDB DEFAULT CHARSET=utf8;

--
-- RELATIONSHIPS FOR TABLE `products`:
--

--
-- Dumping data for table `products`
--

INSERT INTO `products` (`id`, `sku`, `brand`, `name`, `category`, `link`, `image_link`, `reviews`, `date_issued`, `date_updated`) VALUES
(1, 'NO743EL03F4VCNAFAMZ', 'Nokia', '8 [4 GB RAM, 64 GB ROM]- Glossy Blue', 5, 'https://www.daraz.com.np/nokia-8-4-gb-ram-64-gb-rom-glossy-blue-54750.html', 'https://np.daraz.io/9GYyuj2M-GNRUIUB6PCblcsje6Q=/fit-in/220x220/filters:fill(white):sharpen(1,0,false):quality(80)/product/05/745/1.jpg?9116', 15, '2018-07-04 07:10:32', '2018-07-08 06:44:06'),
(2, 'ZO121EL19CBW0NAFAMZ', 'Zopo', 'Speed X Dual Camera Smartphone (3GB RAM, 32GB ROM)- Gold', 5, 'https://www.daraz.com.np/zopo-speed-x-dual-camera-smartphone-3gb-ram-32gb-rom-gold-85167.html', 'https://np.daraz.io/Zd-ylnQ_KlveITNaO2e0SZX4ce0=/fit-in/220x220/filters:fill(white):sharpen(1,0,false):quality(80)/product/76/158/1.jpg?4191', 6, '2018-07-04 07:10:32', '2018-07-05 11:30:06'),
(3, 'GI401EL14SORGNAFAMZ', 'Gionee', 'S11 Lite (4GB RAM, 32GB ROM) 5.7\"-Black', 5, 'https://www.daraz.com.np/gionee-s11-lite-4gb-ram-32gb-rom-5.7-black-132586.html', 'https://np.daraz.io/Uv4PIlpeWdp90RHZP6ESPaEU_Ik=/fit-in/220x220/filters:fill(white):sharpen(1,0,false):quality(80)/product/68/5231/1.jpg?6125', 1, '2018-07-04 07:10:32', '2018-07-08 06:44:06'),
(4, 'LE594EL06BVS4NAFAMZ', 'Leagoo', 'M5 Plus (2 GB RAM, 16 GB ROM) 5.5\"- Grey (4G)', 5, 'https://www.daraz.com.np/leagoo-m5-plus-2-gb-ram-16-gb-rom-5.5-grey-4g-123601.html', 'https://np.daraz.io/Ip6OuPztv97Cobktf4EdjPbQcOs=/fit-in/220x220/filters:fill(white):sharpen(1,0,false):quality(80)/product/10/6321/1.jpg?5936', 0, '2018-07-04 07:10:32', '2018-07-08 06:44:06'),
(5, 'CG185EL0U2LUCNAFAMZ', 'CG', 'Omega 3 (1GB RAM /8GB ROM) 5.0\' - Gold', 5, 'https://www.daraz.com.np/cg-omega-3-1gb-ram-8gb-rom-5.0-gold-101505.html', 'https://np.daraz.io/zQ5KOxtcHmz-eU5qXymL8HnsGdM=/fit-in/220x220/filters:fill(white):sharpen(1,0,false):quality(80)/product/50/5101/1.jpg?8925', 1, '2018-07-04 07:10:32', '2018-07-08 06:44:06'),
(6, 'MI671EL1BGIY0NAFAMZ', 'Micromax', 'E451 Canvas Pulse 4G (16GB ROM, 3GB RAM)- Black', 5, 'https://www.daraz.com.np/micromax-e451-canvas-pulse-4g-16gb-rom-3gb-ram-black-31797.html', 'https://np.daraz.io/JW8E4HCurwysA5r9pzFsCMnuj6g=/fit-in/220x220/filters:fill(white):sharpen(1,0,false):quality(80)/product/79/713/1.jpg?2684', 4, '2018-07-04 07:10:32', '2018-07-08 06:44:06'),
(7, 'CO221EL0I2YHONAFAMZ', 'Colors', 'P20 (4GB ROM, 512 MB RAM) - Gold', 5, 'https://www.daraz.com.np/colors-p20-4gb-rom-512-mb-ram-gold-117303.html', 'https://np.daraz.io/4ZsNlGtZMRxxrouvKjYS8f42DR8=/fit-in/220x220/filters:fill(white):sharpen(1,0,false):quality(80)/product/30/3711/1.jpg?1822', 0, '2018-07-04 07:10:32', '2018-07-08 06:44:06'),
(8, 'SA884EL06E7VWNAFAMZ', 'Samsung', 'G610F J7 Prime 2 (4GB RAM, 64GB ROM) - Black', 5, 'https://www.daraz.com.np/samsung-g610f-j7-prime-2-4gb-ram-64gb-rom-black-114701.html', 'https://np.daraz.io/zo2sH5N41xMvsjl6kwK1qLngNQY=/fit-in/220x220/filters:fill(white):sharpen(1,0,false):quality(80)/product/10/7411/1.jpg?4453', 0, '2018-07-04 07:10:32', '2018-07-08 06:44:06'),
(9, 'SA884EL0T6VV8NAFAMZ', 'Samsung', 'G600F On 7 Pro (2GB RAM, 16GB ROM) - Gold', 5, 'https://www.daraz.com.np/samsung-g600f-on-7-pro-2gb-ram-16gb-rom-gold-103094.html', 'https://np.daraz.io/PeioD6QJLpBOyGE-Zw6Z3Ur0q0E=/fit-in/220x220/filters:fill(white):sharpen(1,0,false):quality(80)/product/49/0301/1.jpg?2781', 1, '2018-07-04 07:10:32', '2018-07-08 06:44:06'),
(10, 'GI401EL0W3QK4NAFAMZ', 'Gionee', 'S6s (3GB RAM, 32GB ROM)- Gold', 5, 'https://www.daraz.com.np/gionee-s6s-3gb-ram-32gb-rom-gold-122935.html', 'https://np.daraz.io/gE6kXQcmrhgwSTkpftAluET2IVc=/fit-in/220x220/filters:fill(white):sharpen(1,0,false):quality(80)/product/53/9221/1.jpg?6835', 0, '2018-07-04 07:10:32', '2018-07-08 06:44:06'),
(11, 'SA884EL1BA184NAFAMZ', 'Samsung', 'Galaxy K Zoom SmartPhone (2GB RAM, 8GB ROM) 4.8\" - (Blue)', 5, 'https://www.daraz.com.np/samsung-galaxy-k-zoom-smartphone-2gb-ram-8gb-rom-4.8-blue-101497.html', 'https://np.daraz.io/B52F-Tc5S7-3IuF8Nrqk0B7GE64=/fit-in/220x220/filters:fill(white):sharpen(1,0,false):quality(80)/product/79/4101/1.jpg?8206', 0, '2018-07-04 07:10:32', '2018-07-04 07:10:32'),
(12, 'SA884EL13B95GNAFAMZ', 'Samsung', 'Galaxy J2 Ace [1.5GB RAM, 8GB ROM]- Gold', 5, 'https://www.daraz.com.np/samsung-galaxy-j2-ace-1.5gb-ram-8gb-rom-gold-103066.html', 'https://np.daraz.io/fhqf3jpjwLxRadNRgf94i_w8xMw=/fit-in/220x220/filters:fill(white):sharpen(1,0,false):quality(80)/product/66/0301/1.jpg?4636', 0, '2018-07-04 07:10:32', '2018-07-08 06:44:06'),
(13, 'OP769EL1BUBUWNAFAMZ', 'Oppo', 'A83 (3GB RAM, 32GB ROM, 4G) 5.7\" - Gold', 5, 'https://www.daraz.com.np/oppo-a83-3gb-ram-32gb-rom-4g-5.7-gold-75308.html', 'https://np.daraz.io/G5b6gL5SYxIcAlYNPusMRaJWw58=/fit-in/220x220/filters:fill(white):sharpen(1,0,false):quality(80)/product/80/357/1.jpg?6884', 1, '2018-07-04 07:10:32', '2018-07-08 06:44:06'),
(14, 'SA884EL00FVU4NAFAMZ', 'Samsung', 'G610F J7 Prime 2 (4GB RAM, 64GB ROM) - Gold', 5, 'https://www.daraz.com.np/samsung-g610f-j7-prime-2-4gb-ram-64gb-rom-gold-114700.html', 'https://np.daraz.io/nXtWFfr_6mzEz8cHauNand5ym1s=/fit-in/220x220/filters:fill(white):sharpen(1,0,false):quality(80)/product/00/7411/1.jpg?4374', 0, '2018-07-04 07:10:32', '2018-07-08 06:44:06'),
(15, 'MI671EL03KLPGNAFAMZ', 'Micromax', 'Canvas 1 [2GB RAM + 16GB ROM] Smart Mobile Phone - (Black)', 5, 'https://www.daraz.com.np/micromax-canvas-1-2gb-ram-16gb-rom-smart-mobile-phone-black-100060.html', 'https://np.daraz.io/LIYkpwAbvUGyDYLrmWaqIi8ZIto=/fit-in/220x220/filters:fill(white):sharpen(1,0,false):quality(80)/product/06/0001/1.jpg?0805', 0, '2018-07-04 07:10:32', '2018-07-08 06:44:06'),
(16, 'NO743EL14A60ONAFAMZ', 'Nokia', '3 SmartPhone (2GB RAM, 16GB ROM)- Black', 5, 'https://www.daraz.com.np/nokia-3-smartphone-2gb-ram-16gb-rom-black-95676.html', 'https://np.daraz.io/ohAW4WuS0Onx1c3Qhhe17-A3F3Q=/fit-in/220x220/filters:fill(white):sharpen(1,0,false):quality(80)/product/67/659/1.jpg?9745', 1, '2018-07-04 07:10:32', '2018-07-08 06:44:06'),
(17, 'SO937EL0EIM1KNAFAMZ', 'Sony', 'Xperia XA1 [3 GB RAM, 32 GB ROM] - Black', 5, 'https://www.daraz.com.np/sony-xperia-xa1-3-gb-ram-32-gb-rom-black-38342.html', 'https://np.daraz.io/ESjPcuZvUls8uzo3c5_kXkTYZ44=/fit-in/220x220/filters:fill(white):sharpen(1,0,false):quality(80)/product/24/383/1.jpg?7305', 0, '2018-07-04 07:10:32', '2018-07-04 07:10:32'),
(18, 'PA792EL002UMGNAFAMZ', 'Panasonic', 'Eluga I2 [3 GB RAM, 16 GB ROM] 4G - Black', 5, 'https://www.daraz.com.np/panasonic-eluga-i2-3-gb-ram-16-gb-rom-4g-black-33100.html', 'https://np.daraz.io/KRYJvwHelFtGld3nX2pClCEo56M=/fit-in/220x220/filters:fill(white):sharpen(1,0,false):quality(80)/product/00/133/1.jpg?3742', 2, '2018-07-04 07:10:32', '2018-07-08 06:44:06'),
(19, 'MI671EL0QSIASNAFAMZ', 'Micromax', 'Canvas-2 [3GB RAM + 16GB ROM] Smart Mobile Phone - (Black)', 5, 'https://www.daraz.com.np/micromax-canvas-2-3gb-ram-16gb-rom-smart-mobile-phone-black-100054.html', 'https://np.daraz.io/JlqtZ3_TLdVrR7XhcUn1m5uQ9xU=/fit-in/220x220/filters:fill(white):sharpen(1,0,false):quality(80)/product/45/0001/1.jpg?7685', 1, '2018-07-04 07:10:32', '2018-07-08 06:44:06'),
(20, 'LA590EL05DXHCNAFAMZ', 'Lava', 'Iris-41 Android Smart Mobile Phone [1 GB RAM, 8 GB ROM] 4.5\" - (Black)', 5, 'https://www.daraz.com.np/lava-iris-41-android-smart-mobile-phone-1-gb-ram-8-gb-rom-4.5-black-84090.html', 'https://np.daraz.io/q4PQEgPB7zoFBi_RbBDnk_zTkvE=/fit-in/220x220/filters:fill(white):sharpen(1,0,false):quality(80)/product/09/048/1.jpg?3926', 0, '2018-07-04 07:10:32', '2018-07-08 06:44:07'),
(21, 'SO937EL0VS6L4NAFAMZ', 'Sony', 'Xperia X Android Smart Mobile Phone [64 GB ROM, 3 GB RAM -White]', 5, 'https://www.daraz.com.np/sony-xperia-x-android-smart-mobile-phone-64-gb-rom-3-gb-ram-white-38335.html', 'https://np.daraz.io/1rvSRn9h8OAqPIuh4C66a2M2yvk=/fit-in/220x220/filters:fill(white):sharpen(1,0,false):quality(80)/product/53/383/1.jpg?2490', 0, '2018-07-04 07:10:32', '2018-07-08 06:44:07'),
(22, 'CO134EL07DJEWNAFAMZ', 'Otto', 'MARK II (3 GB RAM, 32 GB ROM) 6.0\" - Gold', 5, 'https://www.daraz.com.np/otto-mark-ii-3-gb-ram-32-gb-rom-6.0-gold-98321.html', 'https://np.daraz.io/o1SryVgLVrMdUDEl588x5HMIbHs=/fit-in/220x220/filters:fill(white):sharpen(1,0,false):quality(80)/product/12/389/1.jpg?3250', 1, '2018-07-04 07:10:32', '2018-07-05 11:30:06'),
(23, 'LE594EL0I8JVONAFAMZ', 'Leagoo', 'M8 (2 GB RAM, 16 GB ROM) 5.7\"- Gray', 5, 'https://www.daraz.com.np/leagoo-m8-2-gb-ram-16-gb-rom-5.7-gray-123603.html', 'https://np.daraz.io/v5bUyO2OHtNVUYofgoTykT48wGw=/fit-in/220x220/filters:fill(white):sharpen(1,0,false):quality(80)/product/30/6321/1.jpg?5777', 0, '2018-07-04 07:10:32', '2018-07-08 06:44:06'),
(24, 'XI094EL1AMY4ONAFAMZ', 'Xiaomi', 'MI 6 Smart Mobile Phone [6GB RAM, 128GB ROM - Blue]', 5, 'https://www.daraz.com.np/xiaomi-mi-6-smart-mobile-phone-6gb-ram-128gb-rom-blue-33387.html', 'https://np.daraz.io/hsGS_K3IGjr0gxGCarDSvcIrMAY=/fit-in/220x220/filters:fill(white):sharpen(1,0,false):quality(80)/product/78/333/1.jpg?6498', 0, '2018-07-04 07:10:32', '2018-07-08 06:44:06'),
(25, 'LE599EL0WKOWCNAFAMZ', 'Lenovo', 'VIBE P1 TURBO (3 GB RAM + 32 GB ROM) 5.5\" - Grey', 5, 'https://www.daraz.com.np/lenovo-vibe-p1-turbo-3-gb-ram-32-gb-rom-5.5-grey-131745.html', 'https://np.daraz.io/-RYgxgg5pxQQxJyE-R384wE0Z0w=/fit-in/220x220/filters:fill(white):sharpen(1,0,false):quality(80)/product/54/7131/1.jpg?8589', 5, '2018-07-04 07:10:32', '2018-07-08 06:44:06'),
(26, 'XI094EL1CMIIONAFAMZ', 'Xiaomi', 'Redmi Note 4 [4GB RAM, 64GB ROM] - Black', 5, 'https://www.daraz.com.np/xiaomi-redmi-note-4-4gb-ram-64gb-rom-black-27618.html', 'https://np.daraz.io/bS-uqm1Pp4sXPKhSj0bOSFPRr8w=/fit-in/220x220/filters:fill(white):sharpen(1,0,false):quality(80)/product/81/672/1.jpg?6913', 8, '2018-07-04 07:10:32', '2018-07-08 06:44:06'),
(27, 'XI094EL16O6GWNAFAMZ', 'Xiaomi', 'Redmi Note 4 [3GB RAM, 32GB ROM] - Black', 5, 'https://www.daraz.com.np/xiaomi-redmi-note-4-3gb-ram-32gb-rom-black-27617.html', 'https://np.daraz.io/RC3C6bcG7JdgciR7DSlqlzOzYGY=/fit-in/220x220/filters:fill(white):sharpen(1,0,false):quality(80)/product/71/672/1.jpg?6954', 6, '2018-07-04 07:10:32', '2018-07-08 06:44:06'),
(28, 'LE594EL0CA7TWNAFAMZ', 'Leagoo', 'M8 (2 GB RAM, 16 GB ROM) 5.7\"- Gold', 5, 'https://www.daraz.com.np/leagoo-m8-2-gb-ram-16-gb-rom-5.7-gold-123602.html', 'https://np.daraz.io/u51VcoUSa9G_I0HR3PQHxyOnF0Y=/fit-in/220x220/filters:fill(white):sharpen(1,0,false):quality(80)/product/20/6321/1.jpg?5696', 2, '2018-07-04 07:10:32', '2018-07-05 11:30:06'),
(29, 'LE599EL17NKGSNAFAMZ', 'Lenovo', 'VIBE P1 TURBO (3 GB RAM + 32 GB ROM) 5.5\" - Silver', 5, 'https://www.daraz.com.np/lenovo-vibe-p1-turbo-3-gb-ram-32-gb-rom-5.5-silver-132337.html', 'https://np.daraz.io/9_13B9pSoT6d_iT1UDGzoH-SGeE=/fit-in/220x220/filters:fill(white):sharpen(1,0,false):quality(80)/product/73/3231/1.jpg?8551', 1, '2018-07-04 07:10:32', '2018-07-08 06:44:06'),
(30, 'OT776EL0YYM6ONAFAMZ', '', 'Black OTG Cable for Mobile Phones', 1, 'https://www.daraz.com.np/other-black-otg-cable-for-mobile-phones-22785.html', 'https://np.daraz.io/di2I0SVsVIpUvclbcr1cBqqhvuU=/fit-in/220x220/filters:fill(white):sharpen(1,0,false):quality(80)/product/58/722/1.jpg?7454', 2, '2018-07-04 07:10:33', '2018-07-08 06:44:06'),
(31, 'OT776EL0KP5M8NAFAMZ', '', 'HDMI To VGA Converter', 1, 'https://www.daraz.com.np/other-hdmi-to-vga-converter-66743.html', 'https://np.daraz.io/YHyFj4q_wx94p2Jw0rNdEvGc27M=/fit-in/220x220/filters:fill(white):sharpen(1,0,false):quality(80)/product/34/766/1.jpg?4424', 0, '2018-07-04 07:10:33', '2018-07-08 06:44:06'),
(32, 'OT776EL101CH4NAFAMZ', '', 'HDMI Cable (1.5m)', 1, 'https://www.daraz.com.np/other-hdmi-cable-1.5m-92506.html', 'https://np.daraz.io/0Vy0v_Pm1hvAmvTkWI3qKDOS6xE=/fit-in/220x220/filters:fill(white):sharpen(1,0,false):quality(80)/product/60/529/1.jpg?8924', 0, '2018-07-04 07:10:33', '2018-07-05 11:30:05'),
(33, 'ON440EL0GHR2SNAFAMZ', '', 'Lightning 8-Pin To HDMI Female Video Adapter With Micro USB Charging Cable', 1, 'https://www.daraz.com.np/onlineshopgroup-lightning-8-pin-to-hdmi-female-video-adapter-with-micro-usb-charging-cable-120772.html', 'https://np.daraz.io/Ro0sbdOVotlM-CegLl4c8oUMJDE=/fit-in/220x220/filters:fill(white):sharpen(1,0,false):quality(80)/product/27/7021/1.jpg?8515', 0, '2018-07-04 07:10:33', '2018-07-08 06:44:06'),
(34, 'OT776EL142YU4NAFAMZ', '', '10m CAT6e Networking Patch Cables - Blue', 1, 'https://www.daraz.com.np/other-10m-cat6e-networking-patch-cables-blue-132376.html', 'https://np.daraz.io/RxWKIGa_KiY15_CycI26P4AuXVg=/fit-in/220x220/filters:fill(white):sharpen(1,0,false):quality(80)/product/67/3231/1.jpg?1209', 0, '2018-07-04 07:10:33', '2018-07-08 06:44:06'),
(35, 'OT776EL1A1AVWNAFAMZ', '', '15m CAT6e Networking Patch Cables - Blue', 1, 'https://www.daraz.com.np/other-15m-cat6e-networking-patch-cables-blue-132377.html', 'https://np.daraz.io/NqVc-jwKqjUewYB6vp2eiZl44Kc=/fit-in/220x220/filters:fill(white):sharpen(1,0,false):quality(80)/product/77/3231/1.jpg?1209', 0, '2018-07-04 07:10:33', '2018-07-08 06:44:06'),
(36, 'OT776EL1FZMXONAFAMZ', '', '5m CAT6e Networking Patch Cables - Blue ', 1, 'https://www.daraz.com.np/other-5m-cat6e-networking-patch-cables-blue-132378.html', 'https://np.daraz.io/xLpAyF88McRy7krt2BomT6LUcSc=/fit-in/220x220/filters:fill(white):sharpen(1,0,false):quality(80)/product/87/3231/1.jpg?1209', 0, '2018-07-04 07:10:33', '2018-07-08 06:44:06'),
(37, 'OT776EL19FVA4NAFAMZ', '', '5m 15 Pin Male To Male VGA Cable - White', 1, 'https://www.daraz.com.np/other-5m-15-pin-male-to-male-vga-cable-white-132367.html', 'https://np.daraz.io/_vHh944TIUXA-IfAKCdkiFEXRJ0=/fit-in/220x220/filters:fill(white):sharpen(1,0,false):quality(80)/product/76/3231/1.jpg?1206', 0, '2018-07-04 07:10:33', '2018-07-08 06:44:06'),
(38, 'OT776EL13HJ8CNAFAMZ', '', '3m 15 Pin Male To Male VGA Cable - White', 1, 'https://www.daraz.com.np/other-3m-15-pin-male-to-male-vga-cable-white-132366.html', 'https://np.daraz.io/a2ivsvyXJpqGJerRdfiJGRt3Qe4=/fit-in/220x220/filters:fill(white):sharpen(1,0,false):quality(80)/product/66/3231/1.jpg?1208', 0, '2018-07-04 07:10:33', '2018-07-08 06:44:06'),
(39, 'OT776EL06TNFWNAFAMZ', '', '3 In 1 HDMI Switch- Black', 1, 'https://www.daraz.com.np/other-3-in-1-hdmi-switch-black-116411.html', 'https://np.daraz.io/savGui9YU02dqfG4G24TqUAqmAE=/fit-in/220x220/filters:fill(white):sharpen(1,0,false):quality(80)/product/11/4611/1.jpg?5541', 0, '2018-07-04 07:10:33', '2018-07-08 06:44:06'),
(40, 'OT776OT1AFLGWNAFAMZ', '', 'USB To Ethernet Converter Cable', 1, 'https://www.daraz.com.np/other-usb-to-ethernet-converter-cable-9977.html', 'https://np.daraz.io/CXc_ER2FbXqJZSitFAChKPh5E30=/fit-in/220x220/filters:fill(white):sharpen(1,0,false):quality(80)/product/77/99/1.jpg?4186', 0, '2018-07-04 07:10:33', '2018-07-08 06:44:06'),
(41, 'OT776EL0OFW04NAFAMZ', '', '1080P Video Converter HDMI Male To VGA Female Adapter Cable-White', 1, 'https://www.daraz.com.np/other-1080p-video-converter-hdmi-male-to-vga-female-adapter-cable-white-125014.html', 'https://np.daraz.io/tQQrkKhhqW0_P5VU9Ex9uTtGvRw=/fit-in/220x220/filters:fill(white):sharpen(1,0,false):quality(80)/product/41/0521/1.jpg?8069', 0, '2018-07-04 07:10:33', '2018-07-08 06:44:06'),
(42, 'OT776EL0U30FCNAFAMZ', '', 'VGA To VGA Cable (1.5m)', 1, 'https://www.daraz.com.np/other-vga-to-vga-cable-1.5m-92505.html', 'https://np.daraz.io/cbpUuGJN1JG4rDuE55KMcgDP9t0=/fit-in/220x220/filters:fill(white):sharpen(1,0,false):quality(80)/product/50/529/1.jpg?8924', 1, '2018-07-04 07:10:33', '2018-07-08 06:44:06'),
(43, 'OT776EL0NCDUWNAFAMZ', '', 'VGA Connector, 15 VGA SVGA KVM Female to Female Gender Changer Adapter', 1, 'https://www.daraz.com.np/other-vga-connector-15-vga-svga-kvm-female-to-female-gender-changer-adapter-90293.html', 'https://np.daraz.io/24mjLvgkltCBxxOi6aGUjxdxS-U=/fit-in/220x220/filters:fill(white):sharpen(1,0,false):quality(80)/product/39/209/1.jpg?7165', 0, '2018-07-04 07:10:33', '2018-07-04 07:10:33'),
(44, 'OT776EL1AE1WWNAFAMZ', '', 'Multi-function USB All-in-1 Combo Hub with 4 Card Readers & 3 USB Ports', 1, 'https://www.daraz.com.np/other-multi-function-usb-all-in-1-combo-hub-with-4-card-readers-3-usb-ports-81977.html', 'https://np.daraz.io/XrEuBGf2xEvdN3Q7mp9uEocPL_4=/fit-in/220x220/filters:fill(white):sharpen(1,0,false):quality(80)/product/77/918/1.jpg?6965', 0, '2018-07-04 07:10:33', '2018-07-04 07:10:33'),
(45, 'AA370EL12WC1CNAFAMZ', '', 'EastVita 5Ft 1.5m HDMI To 3-RCA Video Audio AV Component Converter Adapter Cable For HDTV DVD', 1, 'https://www.daraz.com.np/other-eastvita-5ft-1.5m-hdmi-to-3-rca-video-audio-av-component-converter-adapter-cable-for-hdtv-dvd-43356.html', 'https://np.daraz.io/n0Iu4NJtlvlltMqRkxYpx938ceI=/fit-in/220x220/filters:fill(white):sharpen(1,0,false):quality(80)/product/65/334/1.jpg?6648', 0, '2018-07-04 07:10:33', '2018-07-08 06:44:06'),
(46, 'OT776EL0ZPEOWNAFAMZ', '', '1.5M Micro HDMI to HDMI Cablefor GoPro HD HERO 3 3+', 1, 'https://www.daraz.com.np/waiwaiparts-1.5m-micro-hdmi-to-hdmi-cablefor-gopro-hd-hero-3-3-27995.html', 'https://np.daraz.io/Q1N5Wo_ROT96SnIyOOTb4kbYfmg=/fit-in/220x220/filters:fill(white):sharpen(1,0,false):quality(80)/product/59/972/1.jpg?7210', 0, '2018-07-04 07:10:33', '2018-07-08 06:44:06'),
(47, 'AA370EL1L6FE8NAFAMZ', '', '3.5mm Audio Cable Male to 2 Female Aux Cable Stereo Jack Splitter Cable Adapter', 1, 'https://www.daraz.com.np/other-3.5mm-audio-cable-male-to-2-female-aux-cable-stereo-jack-splitter-cable-adapter-83069.html', 'https://np.daraz.io/FWG2iD0HRcqyP9ncFAOaX2cVyM0=/fit-in/220x220/filters:fill(white):sharpen(1,0,false):quality(80)/product/96/038/1.jpg?1026', 0, '2018-07-04 07:10:33', '2018-07-08 06:44:06'),
(48, 'OT776EL07ARYCNAFAMZ', '', 'Male To Female Jumper Wire 10cm - 20 Pcs', 1, 'https://www.daraz.com.np/other-male-to-female-jumper-wire-10cm-20-pcs-106221.html', 'https://np.daraz.io/bYt1c2ztynT9VDln8nTrm6D55H4=/fit-in/220x220/filters:fill(white):sharpen(1,0,false):quality(80)/product/12/2601/1.jpg?2188', 0, '2018-07-04 07:10:33', '2018-07-08 06:44:06'),
(49, 'OT776EL0UIOJONAFAMZ', '', 'Female To Female Jumper Wire 10cm - 20 Pcs', 1, 'https://www.daraz.com.np/other-female-to-female-jumper-wire-10cm-20-pcs-106215.html', 'https://np.daraz.io/YBOMtx9D-plMMuAk8FJRa19LfTU=/fit-in/220x220/filters:fill(white):sharpen(1,0,false):quality(80)/product/51/2601/1.jpg?2188', 0, '2018-07-04 07:10:33', '2018-07-08 06:44:06'),
(50, 'OT776EL10H0LGNAFAMZ', '', 'Male To Male Jumper Wire 10cm - 20 Pcs', 1, 'https://www.daraz.com.np/other-male-to-male-jumper-wire-10cm-20-pcs-106216.html', 'https://np.daraz.io/QyWBkUIJr3D914Cafktnfm7CVj0=/fit-in/220x220/filters:fill(white):sharpen(1,0,false):quality(80)/product/61/2601/1.jpg?2188', 0, '2018-07-04 07:10:33', '2018-07-08 06:44:06'),
(51, 'SO445EL0REK7CNAFAMZ', 'Soft Vision', '10 Meter Long HDMI To HDMI Cable', 1, 'https://www.daraz.com.np/soft-vision-10-meter-long-hdmi-to-hdmi-cable-92064.html', 'https://np.daraz.io/8AtB-xDImJ3Tdncd2zpFV6lTmlg=/fit-in/220x220/filters:fill(white):sharpen(1,0,false):quality(80)/product/46/029/1.jpg?5704', 0, '2018-07-04 07:10:33', '2018-07-08 06:44:06'),
(52, 'AA370EL0A4SSKNAFAMZ', '', '2 in 1 Lightning Adapter Headphone For iPhone X 8/8/7/7 Plus', 1, 'https://www.daraz.com.np/other-2-in-1-lightning-adapter-headphone-for-iphone-x-8877-plus-102071.html', 'https://np.daraz.io/EMm7r6lt0A2u3iiaho8I2dVYAh0=/fit-in/220x220/filters:fill(white):sharpen(1,0,false):quality(80)/product/17/0201/1.jpg?1560', 0, '2018-07-04 07:10:33', '2018-07-08 06:44:06'),
(53, 'OT776EL0ZDSK4NAFAMZ', '', 'Apple Macbook Pro Type-C Hub Adapter 7 in 1 With HDMI', 1, 'https://www.daraz.com.np/other-apple-macbook-pro-type-c-hub-adapter-7-in-1-with-hdmi-103495.html', 'https://np.daraz.io/NsGiPsWa7ygxlJB_ttcOHUkbwZA=/fit-in/220x220/filters:fill(white):sharpen(1,0,false):quality(80)/product/59/4301/1.jpg?5538', 0, '2018-07-04 07:10:33', '2018-07-08 06:44:06'),
(54, 'OT776OT1CEBRKNAFAMZ', '', '5 Meter Long HDMI To HDMI Cable', 1, 'https://www.daraz.com.np/other-5-meter-long-hdmi-to-hdmi-cable-9218.html', 'https://np.daraz.io/qATzcLa_TSTUQEoA8Fw2-3z2-98=/fit-in/220x220/filters:fill(white):sharpen(1,0,false):quality(80)/product/81/29/1.jpg?2773', 2, '2018-07-04 07:10:33', '2018-07-08 06:44:06'),
(55, 'OT776OT0W5FFSNAFAMZ', '', 'HDMI-HDMI 10 Meter Cable', 1, 'https://www.daraz.com.np/other-hdmi-hdmi-10-meter-cable-10045.html', 'https://np.daraz.io/xiEiWQ2TIi49_9csF_2suZYWPqw=/fit-in/220x220/filters:fill(white):sharpen(1,0,false):quality(80)/product/54/001/1.jpg?1087', 1, '2018-07-04 07:10:33', '2018-07-08 06:44:06'),
(56, 'OT776OT1IRWFCNAFAMZ', '', 'VGA-VGA Cable 10 meter', 1, 'https://www.daraz.com.np/other-vga-vga-cable-10-meter-10029.html', 'https://np.daraz.io/H1LP6ZfVAOhLPab2Z1UG48Owwqw=/fit-in/220x220/filters:fill(white):sharpen(1,0,false):quality(80)/product/92/001/1.jpg?3952', 0, '2018-07-04 07:10:33', '2018-07-08 06:44:06'),
(57, 'OT776EL069O88NAFAMZ', '', 'Desktop Power Cable 0.68 (1.5m)', 1, 'https://www.daraz.com.np/other-desktop-power-cable-0.68-1.5m-92501.html', 'https://np.daraz.io/31UQCWw-fT4BCTHbm08qJrBla-s=/fit-in/220x220/filters:fill(white):sharpen(1,0,false):quality(80)/product/10/529/1.jpg?8684', 0, '2018-07-04 07:10:33', '2018-07-08 06:44:06'),
(58, 'AA370EL1KRC6ONAFAMZ', '', '6ft 1.8M 1080P HDMI Gold Male To VGA HD-15 Male 15Pin Adapter Cable', 1, 'https://www.daraz.com.np/other-6ft-1.8m-1080p-hdmi-gold-male-to-vga-hd-15-male-15pin-adapter-cable-43359.html', 'https://np.daraz.io/VbL2ODNZ53r_AMtpAKKdMtkPmcE=/fit-in/220x220/filters:fill(white):sharpen(1,0,false):quality(80)/product/95/334/1.jpg?7124', 0, '2018-07-04 07:10:33', '2018-07-08 06:44:06'),
(59, 'OT776OT05YCTKNAFAMZ', '', 'HDMI Male to VGA + Audio Converter Cable For PC/Laptop', 1, 'https://www.daraz.com.np/other-hdmi-male-to-vga-audio-converter-cable-for-pclaptop-10001.html', 'https://np.daraz.io/2AH5oGzwgsdll8LfOMBB5siacHI=/fit-in/220x220/filters:fill(white):sharpen(1,0,false):quality(80)/product/10/001/1.jpg?5553', 1, '2018-07-04 07:10:33', '2018-07-08 06:44:07'),
(60, 'OT776EL0R6W1ONAFAMZ', '', 'HDMI To HDMI 15 Meter Cable', 1, 'https://www.daraz.com.np/other-hdmi-to-hdmi-15-meter-cable-117654.html', 'https://np.daraz.io/lWqItwPt6khdmAZPmHhfTJwlqog=/fit-in/220x220/filters:fill(white):sharpen(1,0,false):quality(80)/product/45/6711/1.jpg?7825', 0, '2018-07-04 07:10:33', '2018-07-08 06:44:06'),
(61, 'OT776EL1AKYG4NAFAMZ', '', 'USB C To Micro USB Adapter Convert Connector', 1, 'https://www.daraz.com.np/other-usb-c-to-micro-usb-adapter-convert-connector-104287.html', 'https://np.daraz.io/_PFYIRZHA5RufodCjmFUFHhMqZg=/fit-in/220x220/filters:fill(white):sharpen(1,0,false):quality(80)/product/78/2401/1.jpg?7618', 0, '2018-07-04 07:10:33', '2018-07-08 06:44:07'),
(62, 'OT776EL1LW8HGNAFAMZ', '', 'All-in-1 Combo Hub With Card Readers & USB Ports', 1, 'https://www.daraz.com.np/other-all-in-1-combo-hub-with-card-readers-usb-ports-124279.html', 'https://np.daraz.io/GKKwE3Ki4G3wx20nJZx5PXuGx0I=/fit-in/220x220/filters:fill(white):sharpen(1,0,false):quality(80)/product/97/2421/1.jpg?1597', 0, '2018-07-04 07:10:33', '2018-07-08 06:44:07'),
(63, 'OT776EL1ESQ6KNAFAMZ', '', 'VGA to HDMI Video & Audio Converter Adapter', 1, 'https://www.daraz.com.np/other-vga-to-hdmi-video-audio-converter-adapter-112358.html', 'https://np.daraz.io/KuLpiVXUVCj1zQxqvhUJ8Z2H83w=/fit-in/220x220/filters:fill(white):sharpen(1,0,false):quality(80)/product/85/3211/1.jpg?3647', 0, '2018-07-04 07:10:33', '2018-07-04 07:10:33'),
(64, 'OT776EL0CSO3SNAFAMZ', '', 'CLASSYTEK  VGA Y Splitter Cable', 1, 'https://www.daraz.com.np/other-classytek-vga-y-splitter-cable-39412.html', 'https://np.daraz.io/w58WHNVkoBIv-wxsOBVIHog48Yo=/fit-in/220x220/filters:fill(white):sharpen(1,0,false):quality(80)/product/21/493/1.jpg?2606', 0, '2018-07-04 07:10:33', '2018-07-08 06:44:07'),
(65, 'OT776EL0IMP50NAFAMZ', '', 'HD Film Anti-Scratch Screen Protector For Xiaomi Miband 2 Smart Strap Wristband', 2, 'https://www.daraz.com.np/other-hd-film-anti-scratch-screen-protector-for-xiaomi-miband-2-smart-strap-wristband-129213.html', 'https://np.daraz.io/TOG4-v2LcQcokLsIoDwphLUwu_E=/fit-in/220x220/filters:fill(white):sharpen(1,0,false):quality(80)/product/31/2921/1.jpg?2089', 0, '2018-07-04 07:10:35', '2018-07-04 07:10:35'),
(66, 'OT776EL117UN8NAFAMZ', '', 'U8 Smartwatch- Red', 2, 'https://www.daraz.com.np/other-u8-smartwatch-red-121526.html', 'https://np.daraz.io/v7GWAH-w60qYVRZijtyw95VlCm0=/fit-in/220x220/filters:fill(white):sharpen(1,0,false):quality(80)/product/62/5121/1.jpg?9987', 0, '2018-07-04 07:10:35', '2018-07-08 06:44:06'),
(67, 'OT776EL08GSASNAFAMZ', '', 'K88h Sweatproof Smart Watch', 2, 'https://www.daraz.com.np/other-k88h-sweatproof-smart-watch-102241.html', 'https://np.daraz.io/YjYyx1F2T-hLlT6OCmKuaDuG3qk=/fit-in/220x220/filters:fill(white):sharpen(1,0,false):quality(80)/product/14/2201/1.jpg?4097', 0, '2018-07-04 07:10:35', '2018-07-08 06:44:06'),
(68, 'OT776EL0RMLK0NAFAMZ', '', 'Smartwatch Supporting Sim & Tf Card Slot', 2, 'https://www.daraz.com.np/other-smartwatch-supporting-sim-tf-card-slot-40464.html', 'https://np.daraz.io/OdMktfefPNTLqV_pfN53z1kniPU=/fit-in/220x220/filters:fill(white):sharpen(1,0,false):quality(80)/product/46/404/1.jpg?3704', 1, '2018-07-04 07:10:35', '2018-07-08 06:44:06'),
(69, 'OT776EL1F61CKNAFAMZ', '', 'Round Smartwatch Clock With Camera,Sim & TF Card Slot', 2, 'https://www.daraz.com.np/other-round-smartwatch-clock-with-camerasim-tf-card-slot-124958.html', 'https://np.daraz.io/2CYIWiMSDOba0acM1Zyp6crkrCc=/fit-in/220x220/filters:fill(white):sharpen(1,0,false):quality(80)/product/85/9421/1.jpg?2406', 1, '2018-07-04 07:10:35', '2018-07-08 06:44:06'),
(70, 'OT776EL0FOFG0NAFAMZ', '', 'Iwatch Smartwatch', 2, 'https://www.daraz.com.np/other-iwatch-smartwatch-43362.html', 'https://np.daraz.io/-Tztovh9s_W08uKpgUTcnaR3wLk=/fit-in/220x220/filters:fill(white):sharpen(1,0,false):quality(80)/product/26/334/1.jpg?2105', 4, '2018-07-04 07:10:35', '2018-07-05 11:30:05'),
(71, 'OT776SP0BRDL8NAFAMZ', '', 'K2 Bluetooth Smart Watch-Black', 2, 'https://www.daraz.com.np/other-k2-bluetooth-smart-watch-black-135791.html', 'https://np.daraz.io/d3zcH25E-LNr1wGT4MlilplB9gU=/fit-in/220x220/filters:fill(white):sharpen(1,0,false):quality(80)/product/19/7531/1.jpg?2057', 0, '2018-07-04 07:10:35', '2018-07-04 07:10:35'),
(72, 'OT776EL0WTWOSNAFAMZ', '', '2Pcs Set HD Film Anti-Scratch Screen Protector For Xiaomi Miband 2 Smart Strap Wristband', 2, 'https://www.daraz.com.np/other-2pcs-set-hd-film-anti-scratch-screen-protector-for-xiaomi-miband-2-smart-strap-wristband-134155.html', 'https://np.daraz.io/YT7xR4yViG8tCdhzMRquBea2--o=/fit-in/220x220/filters:fill(white):sharpen(1,0,false):quality(80)/product/55/1431/1.jpg?7275', 0, '2018-07-04 07:10:35', '2018-07-04 07:10:35'),
(73, 'ON440EL1MV6Z0NAFAMZ', '', 'HD Bluetooth Smart Watch With Sim/Memory/Camera - (X6 HD)', 2, 'https://www.daraz.com.np/onlineshopgroup-hd-bluetooth-smart-watch-with-simmemorycamera-x6-hd-137889.html', 'https://np.daraz.io/IPjOYiMbj-3DkLyx50PpTjgxYD8=/fit-in/220x220/filters:fill(white):sharpen(1,0,false):quality(80)/product/98/8731/1.jpg?7100', 0, '2018-07-04 07:10:35', '2018-07-08 06:44:06'),
(74, 'OT776EL0BSUTWNAFAMZ', '', 'F07 Waterproof Heart Rate Monitor Wrist Watch-Black', 2, 'https://www.daraz.com.np/other-f07-waterproof-heart-rate-monitor-wrist-watch-black-122891.html', 'https://np.daraz.io/xPh11_eqD9nVH4CrSCzZo1NGNqo=/fit-in/220x220/filters:fill(white):sharpen(1,0,false):quality(80)/product/19/8221/1.jpg?7111', 0, '2018-07-04 07:10:35', '2018-07-08 06:44:06'),
(75, 'ON440SP0XUZKCNAFAMZ', '', 'Smart Heart Rate Monitor Bluetooth 4.0 Sports Fitness Tracker -  K18S', 2, 'https://www.daraz.com.np/onlineshopgroup-smart-heart-rate-monitor-bluetooth-4.0-sports-fitness-tracker-k18s-137865.html', 'https://np.daraz.io/yHa1lT5rRmR9UzPGlYvrOA0qRcU=/fit-in/220x220/filters:fill(white):sharpen(1,0,false):quality(80)/product/56/8731/1.jpg?6141', 0, '2018-07-04 07:10:35', '2018-07-08 06:44:06'),
(76, 'AA370SP0D4GKCNAFAMZ', '', 'M200 Smart Bracelet Heart Rate Monitor', 2, 'https://www.daraz.com.np/aafno-pasal-m200-smart-bracelet-heart-rate-monitor-134022.html', 'https://np.daraz.io/8HCmbtE59N_FE7jiAhhPh94j59U=/fit-in/220x220/filters:fill(white):sharpen(1,0,false):quality(80)/product/22/0431/1.jpg?8734', 0, '2018-07-04 07:10:35', '2018-07-08 06:44:06'),
(77, 'OT776EL1MN8PGNAFAMZ', '', 'Moto 360 1st Gen 46mm Smart Watch Tempered Glass', 2, 'https://www.daraz.com.np/other-moto-360-1st-gen-46mm-smart-watch-tempered-glass-120589.html', 'https://np.daraz.io/uqaNMCFmlId7sZOSdzGQbcwvTVU=/fit-in/220x220/filters:fill(white):sharpen(1,0,false):quality(80)/product/98/5021/1.jpg?4876', 0, '2018-07-04 07:10:35', '2018-07-04 07:10:35'),
(78, 'OT776EL1HAC9GNAFAMZ', '', 'Citizen Watch JY8031 Tempered Glass Screen Protector', 2, 'https://www.daraz.com.np/other-citizen-watch-jy8031-tempered-glass-screen-protector-120598.html', 'https://np.daraz.io/DUGtxPQG5IZ6yzVxeVKT2YfFu1Q=/fit-in/220x220/filters:fill(white):sharpen(1,0,false):quality(80)/product/89/5021/1.jpg?5477', 0, '2018-07-04 07:10:35', '2018-07-04 07:10:35'),
(79, 'OT776EL0H3M1CNAFAMZ', '', 'Combo Of Sim Supporting Smartwatch + Bluetooth Earphone', 2, 'https://www.daraz.com.np/other-combo-of-sim-supporting-smartwatch-bluetooth-earphone-22782.html', 'https://np.daraz.io/3qtKE2JKvO7UAEUQ5HkPr1-1-ts=/fit-in/220x220/filters:fill(white):sharpen(1,0,false):quality(80)/product/28/722/1.jpg?6226', 4, '2018-07-04 07:10:35', '2018-07-08 06:44:06'),
(80, 'OT776EL1JI138NAFAMZ', '', 'X2 Smart Watch Bluetooth Sport Fitness Tracker Heart Rate', 2, 'https://www.daraz.com.np/other-x2-smart-watch-bluetooth-sport-fitness-tracker-heart-rate-102239.html', 'https://np.daraz.io/7Cb-Vq1XdMAXmU0c_kgSI7DsAos=/fit-in/220x220/filters:fill(white):sharpen(1,0,false):quality(80)/product/93/2201/1.jpg?3696', 1, '2018-07-04 07:10:35', '2018-07-08 06:44:06'),
(81, 'OT776EL0PDR50NAFAMZ', '', 'V8 Smartwatch-Black', 2, 'https://www.daraz.com.np/other-v8-smartwatch-black-123624.html', 'https://np.daraz.io/IydQB-21vSwUV7OjOXWi1FmAoAo=/fit-in/220x220/filters:fill(white):sharpen(1,0,false):quality(80)/product/42/6321/1.jpg?3622', 0, '2018-07-04 07:10:35', '2018-07-08 06:44:06'),
(82, 'OT776EL0USKY8NAFAMZ', '', 'Black Smartwatch - Gt08', 2, 'https://www.daraz.com.np/other-black-smartwatch-gt08-22715.html', 'https://np.daraz.io/bb4QHf2Qsr0H175YUUn42fT60qU=/fit-in/220x220/filters:fill(white):sharpen(1,0,false):quality(80)/product/51/722/1.jpg?2085', 13, '2018-07-04 07:10:35', '2018-07-08 06:44:06'),
(83, 'OT776EL0YLR80NAFAMZ', '', 'Bluetooth Smartwatch With Sim & TF Card Support', 2, 'https://www.daraz.com.np/other-bluetooth-smartwatch-with-sim-tf-card-support-22185.html', 'https://np.daraz.io/n1akA8Gcm25bBKjDQZ3uqKszP3o=/fit-in/220x220/filters:fill(white):sharpen(1,0,false):quality(80)/product/58/122/1.jpg?2483', 3, '2018-07-04 07:10:35', '2018-07-08 06:44:06'),
(84, 'OT776EL0FTW7CNAFAMZ', '', 'Anti Lost Smartwatch - DZ09 ', 2, 'https://www.daraz.com.np/other-anti-lost-smartwatch-dz09-98562.html', 'https://np.daraz.io/SMul8fCnHwJPt-TY4SbIcxeb1kI=/fit-in/220x220/filters:fill(white):sharpen(1,0,false):quality(80)/product/26/589/1.jpg?9626', 1, '2018-07-04 07:10:35', '2018-07-08 06:44:06'),
(85, 'GE203EL0EJ1H4NAFAMZ', '', 'GT08 Bluetooth 3.0 Smart Watch with Camera SIM', 2, 'https://www.daraz.com.np/bestdeals-gt08-bluetooth-3.0-smart-watch-with-camera-sim-30442.html', 'https://np.daraz.io/BuSrcbpP81n-EMQ-3eCKQuRaPSc=/fit-in/220x220/filters:fill(white):sharpen(1,0,false):quality(80)/product/24/403/1.jpg?4145', 5, '2018-07-04 07:10:35', '2018-07-08 06:44:06'),
(86, 'OT776EL0YTWICNAFAMZ', '', 'Garmin Forerunner 230 2.5D Tempered Glass Screen Protector', 2, 'https://www.daraz.com.np/other-garmin-forerunner-230-2.5d-tempered-glass-screen-protector-120585.html', 'https://np.daraz.io/_JBS6m6NouvCPmZt4Vckj6R4Kvk=/fit-in/220x220/filters:fill(white):sharpen(1,0,false):quality(80)/product/58/5021/1.jpg?4760', 0, '2018-07-04 07:10:35', '2018-07-04 07:10:35'),
(87, 'ON440EL1C58LSNAFAMZ', '', 'Combo of i6 and D3 Smartwatch', 2, 'https://www.daraz.com.np/onlineshopgroup-combo-of-i6-and-d3-smartwatch-66808.html', 'https://np.daraz.io/oNpQ1RQgCq5Jn1oZO4lwJ-nAQg0=/fit-in/220x220/filters:fill(white):sharpen(1,0,false):quality(80)/product/80/866/1.jpg?5507', 1, '2018-07-04 07:10:35', '2018-07-08 06:44:06'),
(88, 'ON440EL0JPG78NAFAMZ', '', 'Android 5.1 Wifi Support Waterproof Smart Watch', 2, 'https://www.daraz.com.np/onlineshopgroup-android-5.1-wifi-support-waterproof-smart-watch-100133.html', 'https://np.daraz.io/4zJI_ONWdEnLYr2qNJd9VEYQiL4=/fit-in/220x220/filters:fill(white):sharpen(1,0,false):quality(80)/product/33/1001/1.jpg?5925', 0, '2018-07-04 07:10:35', '2018-07-08 06:44:06'),
(89, 'OT776EL07A71KNAFAMZ', '', 'Q18 Curve Design Smartwatch', 2, 'https://www.daraz.com.np/other-q18-curve-design-smartwatch-33221.html', 'https://np.daraz.io/IaKynLg6PX2w3O0MoqLHlMMNpg0=/fit-in/220x220/filters:fill(white):sharpen(1,0,false):quality(80)/product/12/233/1.jpg?3563', 0, '2018-07-04 07:10:35', '2018-07-08 06:44:06'),
(90, 'OT776EL065LMGNAFAMZ', '', 'M2 Intelligence Health Bracelet - (Black)', 2, 'https://www.daraz.com.np/other-m2-intelligence-health-bracelet-black-93301.html', 'https://np.daraz.io/fxz8gGBu_j3rxMizu7idW9FvjU4=/fit-in/220x220/filters:fill(white):sharpen(1,0,false):quality(80)/product/10/339/1.jpg?7966', 2, '2018-07-04 07:10:35', '2018-07-08 06:44:06'),
(91, 'OT776EL0ADEWGNAFAMZ', '', 'V8 Bluetooth Wrist Smartwatch Camera Bracelet Tf Sim Slot', 2, 'https://www.daraz.com.np/other-v8-bluetooth-wrist-smartwatch-camera-bracelet-tf-sim-slot-22471.html', 'https://np.daraz.io/sGJte1sdU2XACBwj1-oWLP6n-nE=/fit-in/220x220/filters:fill(white):sharpen(1,0,false):quality(80)/product/17/422/1.jpg?6279', 4, '2018-07-04 07:10:35', '2018-07-08 06:44:06'),
(92, 'OT776EL1AQKLWNAFAMZ', '', 'Garmin Forerunner 620 2.5D Tempered Glass Screen Protector ', 2, 'https://www.daraz.com.np/other-garmin-forerunner-620-2.5d-tempered-glass-screen-protector-120587.html', 'https://np.daraz.io/fYdZKm--tuIOgFBj9zMgMLXETaA=/fit-in/220x220/filters:fill(white):sharpen(1,0,false):quality(80)/product/78/5021/1.jpg?4797', 0, '2018-07-04 07:10:35', '2018-07-04 07:10:35'),
(93, 'OT776FA1AYL40NAFAMZ', '', 'Stark U8 Smartwatch', 2, 'https://www.daraz.com.np/other-stark-u8-smartwatch-67887.html', 'https://np.daraz.io/CfEFI4elew4P5XkJPISt_0vWTVk=/fit-in/220x220/filters:fill(white):sharpen(1,0,false):quality(80)/product/78/876/1.jpg?0986', 0, '2018-07-04 07:10:35', '2018-07-05 11:30:06'),
(94, 'OT776EL0YLDC0NAFAMZ', '', 'Combo Of Sim Supporting Smartwatch + Bluetooth Earphone', 2, 'https://www.daraz.com.np/other-combo-of-sim-supporting-smartwatch-bluetooth-earphone-40185.html', 'https://np.daraz.io/KqHnwG-Y5nLsC1mLgr3ehe7G9Do=/fit-in/220x220/filters:fill(white):sharpen(1,0,false):quality(80)/product/58/104/1.jpg?8184', 2, '2018-07-04 07:10:35', '2018-07-08 06:44:06'),
(95, 'OT776EL18ZYR0NAFAMZ', '', 'Combo Of i6 And D3 Smartwatch', 2, 'https://www.daraz.com.np/other-combo-of-i6-and-d3-smartwatch-118557.html', 'https://np.daraz.io/aF7PltNFCSjsXYoN8DhJBMPAbvY=/fit-in/220x220/filters:fill(white):sharpen(1,0,false):quality(80)/product/75/5811/1.jpg?9298', 0, '2018-07-04 07:10:35', '2018-07-05 11:30:06'),
(96, 'SO445EL0U049CNAFAMZ', 'Soft Vision', 'I6 Smartwatch With Sim And Micro Sd Slot + Bluetooth Earphone', 2, 'https://www.daraz.com.np/soft-vision-i6-smartwatch-with-sim-and-micro-sd-slot-bluetooth-earphone-49305.html', 'https://np.daraz.io/dnm1C-Gk2BAk99LFt6OZ_jv_qsI=/fit-in/220x220/filters:fill(white):sharpen(1,0,false):quality(80)/product/50/394/1.jpg?2045', 0, '2018-07-04 07:10:35', '2018-07-08 06:44:06'),
(97, 'OT776EL079X38NAFAMZ', '', ' X6 Bluetooth Smartwatch With Camera Support SIM Card', 2, 'https://www.daraz.com.np/other-x6-bluetooth-smartwatch-with-camera-support-sim-card-102221.html', 'https://np.daraz.io/QccGLHfCazPUp58aKlAen8sqbVk=/fit-in/220x220/filters:fill(white):sharpen(1,0,false):quality(80)/product/12/2201/1.jpg?2216', 0, '2018-07-04 07:10:35', '2018-07-08 06:44:06'),
(98, 'OT776EL02IG90NAFAMZ', '', 'D3 Smartwatch SIM + Bluetooth Andiod/IOS', 2, 'https://www.daraz.com.np/other-d3-smartwatch-sim-bluetooth-andiodios-102240.html', 'https://np.daraz.io/jovVkc5ofUsLdn23kTCEvlwzKno=/fit-in/220x220/filters:fill(white):sharpen(1,0,false):quality(80)/product/04/2201/1.jpg?3776', 0, '2018-07-04 07:10:35', '2018-07-04 07:10:35'),
(99, 'OT776EL1KVD8WNAFAMZ', '', 'Combo of VR Box + Earphone And Gaming Remote', 4, 'https://www.daraz.com.np/other-combo-of-vr-box-earphone-and-gaming-remote-22559.html', 'https://np.daraz.io/1TP1ThoB8F17UCsSoxGAh-saNyE=/fit-in/220x220/filters:fill(white):sharpen(1,0,false):quality(80)/product/95/522/1.jpg?6254', 4, '2018-07-04 07:10:37', '2018-07-08 06:44:05'),
(100, 'OT776EL0JLF28NAFAMZ', '', 'VR Box Pro-3D Glasses Virtual Reality With Remote', 4, 'https://www.daraz.com.np/other-vr-box-pro-3d-glasses-virtual-reality-with-remote-21923.html', 'https://np.daraz.io/pXi9zfRaMJKHNYkaKkHBb-w9oLE=/fit-in/220x220/filters:fill(white):sharpen(1,0,false):quality(80)/product/32/912/1.jpg?6101', 0, '2018-07-04 07:10:37', '2018-07-08 06:44:05'),
(101, 'OT776EL19M9WWNAFAMZ', '', 'VR Glass 3D Glasses 2nd Generation', 4, 'https://www.daraz.com.np/other-vr-glass-3d-glasses-2nd-generation-22667.html', 'https://np.daraz.io/VTwj3pEsUjAzEN6i49AEJZ8hXjw=/fit-in/220x220/filters:fill(white):sharpen(1,0,false):quality(80)/product/76/622/1.jpg?6244', 9, '2018-07-04 07:10:37', '2018-07-08 06:44:05'),
(102, 'OT776EL0Q3ZI8NAFAMZ', '', 'VR Box Pro - 3D Glasses Virtual Reality With Remote', 4, 'https://www.daraz.com.np/other-vr-box-pro-3d-glasses-virtual-reality-with-remote-65834.html', 'https://np.daraz.io/vQ8dkKWM5ZZTlul2Ba5TBya2lwE=/fit-in/220x220/filters:fill(white):sharpen(1,0,false):quality(80)/product/43/856/1.jpg?4484', 0, '2018-07-04 07:10:37', '2018-07-08 06:44:05'),
(103, 'OT776EL1LIY0GNAFAMZ', '', 'VR Shinecon Combo Premium VR Glass + Remote', 4, 'https://www.daraz.com.np/other-vr-shinecon-combo-premium-vr-glass-remote-22669.html', 'https://np.daraz.io/XyavkDutp5ixsYV67CLaOG29dyQ=/fit-in/220x220/filters:fill(white):sharpen(1,0,false):quality(80)/product/96/622/1.jpg?6243', 2, '2018-07-04 07:10:37', '2018-07-08 06:44:05'),
(104, 'OT776EL1D8P4ONAFAMZ', '', 'VR Box Shinecon , Bluetooth Gaming Remote & Earphone', 4, 'https://www.daraz.com.np/other-vr-box-shinecon-bluetooth-gaming-remote-earphone-70728.html', 'https://np.daraz.io/yNIihngH3UmMFd5rLym4l7OxCVI=/fit-in/220x220/filters:fill(white):sharpen(1,0,false):quality(80)/product/82/707/1.jpg?7046', 1, '2018-07-04 07:10:37', '2018-07-08 06:44:06'),
(105, 'OT776EL180LLONAFAMZ', '', 'VR BOX Version 2.0 - Virtual Reality 3D Glasses', 4, 'https://www.daraz.com.np/other-vr-box-version-2.0-virtual-reality-3d-glasses-113937.html', 'https://np.daraz.io/wglZFFJm8_M1Eue2qRMqhH50SaU=/fit-in/220x220/filters:fill(white):sharpen(1,0,false):quality(80)/product/73/9311/1.jpg?9253', 0, '2018-07-04 07:10:37', '2018-07-08 06:44:06'),
(106, 'OT776EL0UQFSGNAFAMZ', '', 'VR Box with Bluetooth Control Game Pad', 4, 'https://www.daraz.com.np/other-vr-box-with-bluetooth-control-game-pad-22615.html', 'https://np.daraz.io/V41idgwwbaTHVYrwWozdhGGlfBg=/fit-in/220x220/filters:fill(white):sharpen(1,0,false):quality(80)/product/51/622/1.jpg?6246', 18, '2018-07-04 07:10:37', '2018-07-08 06:44:06'),
(107, 'OT776EL07KGN4NAFAMZ', '', 'Combo Of VR Box + Earphone And Gaming Remote', 4, 'https://www.daraz.com.np/other-combo-of-vr-box-earphone-and-gaming-remote-21721.html', 'https://np.daraz.io/qPDUntR475NBHvKAmAr2pvyt69I=/fit-in/220x220/filters:fill(white):sharpen(1,0,false):quality(80)/product/12/712/1.jpg?5979', 1, '2018-07-04 07:10:37', '2018-07-08 06:44:06'),
(108, 'OT776EL0R4RNONAFAMZ', '', 'VR Box With Bluetooth Control Gamepad-White', 4, 'https://www.daraz.com.np/other-vr-box-with-bluetooth-control-gamepad-white-127554.html', 'https://np.daraz.io/eF_hiaJrd7q_CcybEvENTVa9YKo=/fit-in/220x220/filters:fill(white):sharpen(1,0,false):quality(80)/product/45/5721/1.jpg?2039', 1, '2018-07-04 07:10:37', '2018-07-08 06:44:06'),
(109, 'OT776EL0DZYTONAFAMZ', '', 'VR Shinecon 3D Glasses + Wireless Remote Control Gamepad-Black/White', 4, 'https://www.daraz.com.np/other-vr-shinecon-3d-glasses-wireless-remote-control-gamepad-blackwhite-131532.html', 'https://np.daraz.io/IxLuMfTaDs5bFWEku7f7BA-ldzk=/fit-in/220x220/filters:fill(white):sharpen(1,0,false):quality(80)/product/23/5131/1.jpg?3105', 0, '2018-07-04 07:10:37', '2018-07-08 06:44:06'),
(110, 'SO445EL0YBIE8NAFAMZ', 'Soft Vision', 'Bundle of 3 - VR Box Shinecon 4th Generation, Bluetooth Gaming Remote &  Earphone', 4, 'https://www.daraz.com.np/soft-vision-bundle-of-3-vr-box-shinecon-4th-generation-bluetooth-gaming-remote-earphone-44675.html', 'https://np.daraz.io/6-agZfvOsHD3vj4tIT2sxNwCAb4=/fit-in/220x220/filters:fill(white):sharpen(1,0,false):quality(80)/product/57/644/1.jpg?5213', 2, '2018-07-04 07:10:37', '2018-07-08 06:44:06'),
(111, 'OT776EL0AHHI8NAFAMZ', '', 'VR Box (VR02)', 4, 'https://www.daraz.com.np/other-vr-box-vr02-21671.html', 'https://np.daraz.io/oRokJHdnSBMvixwxrwQ3CYyo0eQ=/fit-in/220x220/filters:fill(white):sharpen(1,0,false):quality(80)/product/17/612/1.jpg?5949', 5, '2018-07-04 07:10:37', '2018-07-08 06:44:06'),
(112, 'OT776EL0G721ONAFAMZ', '', 'VR Shinecon 3D Virtual Reality Headset-Black', 4, 'https://www.daraz.com.np/other-vr-shinecon-3d-virtual-reality-headset-black-130272.html', 'https://np.daraz.io/MB0j-XI56olPl6peEyRqemdw-i0=/fit-in/220x220/filters:fill(white):sharpen(1,0,false):quality(80)/product/27/2031/1.jpg?0948', 0, '2018-07-04 07:10:37', '2018-07-08 06:44:06'),
(113, 'OT776EL1B3AV4NAFAMZ', '', 'HD VR Movie Box For Gaming And Video Play With Wireless Remote Controller', 4, 'https://www.daraz.com.np/other-hd-vr-movie-box-for-gaming-and-video-play-with-wireless-remote-controller-69097.html', 'https://np.daraz.io/TTBF_qhzuR5qp2d4mHd0cqbyxNQ=/fit-in/220x220/filters:fill(white):sharpen(1,0,false):quality(80)/product/79/096/1.jpg?3447', 1, '2018-07-04 07:10:37', '2018-07-08 06:44:06'),
(114, 'OT776EL17F5ZWNAFAMZ', '', 'VR Box With VR Wireless Game Pad - Black/White', 4, 'https://www.daraz.com.np/other-vr-box-with-vr-wireless-game-pad-blackwhite-113927.html', 'https://np.daraz.io/_avGgcS5oh1NcD5WZnWVHs0179Q=/fit-in/220x220/filters:fill(white):sharpen(1,0,false):quality(80)/product/72/9311/1.jpg?8930', 0, '2018-07-04 07:10:37', '2018-07-08 06:44:06'),
(115, 'OT776EL19SQ60NAFAMZ', '', 'VR 2.0 VR Box - 3D With Bluetooth Joystick Remote & Stereo Smartphone Handsfree', 4, 'https://www.daraz.com.np/other-vr-2.0-vr-box-3d-with-bluetooth-joystick-remote-stereo-smartphone-handsfree-32967.html', 'https://np.daraz.io/bl6zRx4ucntFa6hS_y5YjKKd_po=/fit-in/220x220/filters:fill(white):sharpen(1,0,false):quality(80)/product/76/923/1.jpg?8044', 10, '2018-07-04 07:10:37', '2018-07-08 06:44:06'),
(116, 'OT776EL17RTXSNAFAMZ', '', 'VR Box Pro - 3D Glasses Virtual Reality With Remote', 4, 'https://www.daraz.com.np/other-vr-box-pro-3d-glasses-virtual-reality-with-remote-22537.html', 'https://np.daraz.io/8jVT1l5X3KJinxsjHlw0f6cuUHw=/fit-in/220x220/filters:fill(white):sharpen(1,0,false):quality(80)/product/73/522/1.jpg?6260', 9, '2018-07-04 07:10:37', '2018-07-08 06:44:06'),
(117, 'OT776EL0YATPCNAFAMZ', '', 'VR Box 2nd Generation With Bluetooth Game Pad Remote Shutter', 4, 'https://www.daraz.com.np/other-vr-box-2nd-generation-with-bluetooth-game-pad-remote-shutter-21675.html', 'https://np.daraz.io/3tmmHVYVsyHx2rHAD897EHbG68M=/fit-in/220x220/filters:fill(white):sharpen(1,0,false):quality(80)/product/57/612/1.jpg?5945', 0, '2018-07-04 07:10:37', '2018-07-08 06:44:06'),
(118, 'OT776EL1FR27SNAFAMZ', '', 'VR 2.0 Pack of 3 - VR Box 2 3D With Bluetooth Joystick Remote & Zipper Earphone', 4, 'https://www.daraz.com.np/other-vr-2.0-pack-of-3-vr-box-2-3d-with-bluetooth-joystick-remote-zipper-earphone-32968.html', 'https://np.daraz.io/KCghevF4Yxy4kZmH66X6V8tXUX0=/fit-in/220x220/filters:fill(white):sharpen(1,0,false):quality(80)/product/86/923/1.jpg?8163', 3, '2018-07-04 07:10:37', '2018-07-08 06:44:06'),
(119, 'OT776EL062JA8NAFAMZ', '', 'Combo of VR Box With Gaming Remote Controller and  Earphone', 4, 'https://www.daraz.com.np/other-combo-of-vr-box-with-gaming-remote-controller-and-earphone-69101.html', 'https://np.daraz.io/S2ldOvluhBl7Wrk9uEu57AoG3uA=/fit-in/220x220/filters:fill(white):sharpen(1,0,false):quality(80)/product/10/196/1.jpg?3447', 0, '2018-07-04 07:10:37', '2018-07-08 06:44:06'),
(120, 'OT776EL0ZFRGWNAFAMZ', '', 'Combo Of VR Box + Earphone + Gaming Remote', 4, 'https://www.daraz.com.np/other-combo-of-vr-box-earphone-gaming-remote-22595.html', 'https://np.daraz.io/J014Z41r7fOG-2rVNKnVyEdfy-U=/fit-in/220x220/filters:fill(white):sharpen(1,0,false):quality(80)/product/59/522/1.jpg?6249', 0, '2018-07-04 07:10:37', '2018-07-08 06:44:06'),
(121, 'OT776EL0WFWR4NAFAMZ', '', 'VR Box With Bluetooth Control Gamepad', 4, 'https://www.daraz.com.np/other-vr-box-with-bluetooth-control-gamepad-9445.html', 'https://np.daraz.io/PUYlGVIm2ll3UF-9xS1_Wonq_mg=/fit-in/220x220/filters:fill(white):sharpen(1,0,false):quality(80)/product/54/49/1.jpg?7450', 0, '2018-07-04 07:10:37', '2018-07-08 06:44:06'),
(122, 'OT776EL010WPCNAFAMZ', '', 'Combo of VR Box & Yunteng YT 1288 Selfie Stick', 4, 'https://www.daraz.com.np/other-combo-of-vr-box-yunteng-yt-1288-selfie-stick-22710.html', 'https://np.daraz.io/kUdR4DQBS_PaoYmM3V0PN1wdwqo=/fit-in/220x220/filters:fill(white):sharpen(1,0,false):quality(80)/product/01/722/1.jpg?6237', 0, '2018-07-04 07:10:37', '2018-07-08 06:44:06'),
(123, 'OT776EL0ME5LSNAFAMZ', '', 'VR Shinecon With Gamepad - Pleasing Eye Effect', 4, 'https://www.daraz.com.np/other-vr-shinecon-with-gamepad-pleasing-eye-effect-21673.html', 'https://np.daraz.io/w3KKXOQ_JViG1Zz8LxyQEwk_mOk=/fit-in/220x220/filters:fill(white):sharpen(1,0,false):quality(80)/product/37/612/1.jpg?5947', 0, '2018-07-04 07:10:37', '2018-07-08 06:44:06'),
(124, 'OT776EL0QMC00NAFAMZ', '', 'Lefant 3D VR Virtual Reality IMAX 360 View With Controller', 4, 'https://www.daraz.com.np/bestdeals-lefant-3d-vr-virtual-reality-imax-360-view-with-controller-21744.html', 'https://np.daraz.io/7myd8en7ZNqkPIbA2tDHEmyu9SU=/fit-in/220x220/filters:fill(white):sharpen(1,0,false):quality(80)/product/44/712/1.jpg?5629', 0, '2018-07-04 07:10:37', '2018-07-08 06:44:06'),
(125, 'OT776EL163TG0NAFAMZ', '', 'VR Shinecon 3D Glasses With Wireless Remote Control Gamepad', 4, 'https://www.daraz.com.np/other-vr-shinecon-3d-glasses-with-wireless-remote-control-gamepad-22707.html', 'https://np.daraz.io/2DYhysgg2NGNBvrcr_Yz87SbB_Q=/fit-in/220x220/filters:fill(white):sharpen(1,0,false):quality(80)/product/70/722/1.jpg?6237', 0, '2018-07-04 07:10:37', '2018-07-08 06:44:06'),
(126, 'OT776EL1A9MYONAFAMZ', '', 'VR Shinecon 3D Glasses + Wireless Remote Control Gamepad', 4, 'https://www.daraz.com.np/bestdeals-vr-shinecon-3d-glasses-wireless-remote-control-gamepad-21777.html', 'https://np.daraz.io/xctprPaSOnDFnqO-FEtHjeWvsoM=/fit-in/220x220/filters:fill(white):sharpen(1,0,false):quality(80)/product/77/712/1.jpg?6130', 0, '2018-07-04 07:10:37', '2018-07-05 11:26:59'),
(127, 'OT776EL1INULCNAFAMZ', '', 'VR Shinecon Combo Premium VR Glass + Remote', 4, 'https://www.daraz.com.np/other-vr-shinecon-combo-premium-vr-glass-remote-21819.html', 'https://np.daraz.io/5OptI3ZU3k7KlrB4u-gHyX_8__I=/fit-in/220x220/filters:fill(white):sharpen(1,0,false):quality(80)/product/91/812/1.jpg?6122', 1, '2018-07-04 07:10:37', '2018-07-08 06:44:06'),
(128, 'OT776EL1MATVCNAFAMZ', '', 'DZ09 Smart Mobile Watch-Silver with VR Box and Remote', 4, 'https://www.daraz.com.np/other-dz09-smart-mobile-watch-silver-with-vr-box-and-remote-32979.html', 'https://np.daraz.io/U1lmWOnwfCLH5Hrw_Hh19bhtXNI=/fit-in/220x220/filters:fill(white):sharpen(1,0,false):quality(80)/product/97/923/1.jpg?8464', 1, '2018-07-04 07:10:37', '2018-07-08 06:44:06'),
(129, 'OT776EL154YTCNAFAMZ', '', 'Portable Wireless Bluetooth Box Speaker', 3, 'https://www.daraz.com.np/other-portable-wireless-bluetooth-box-speaker-69096.html', 'https://np.daraz.io/njTrf2ftU377EVseCBOuYXDIVdI=/fit-in/220x220/filters:fill(white):sharpen(1,0,false):quality(80)/product/69/096/1.jpg?3407', 7, '2018-07-04 07:10:37', '2018-07-08 06:44:06'),
(130, 'OT776EL1B3028NAFAMZ', '', 'JY-25 USB Bluetooth Portable Speaker Support TF Card + FM Radio', 3, 'https://www.daraz.com.np/other-jy-25-usb-bluetooth-portable-speaker-support-tf-card-fm-radio-28097.html', 'https://np.daraz.io/-bspGELOuUOKaAqpydgq4aRFcc4=/fit-in/220x220/filters:fill(white):sharpen(1,0,false):quality(80)/product/79/082/1.jpg?2235', 5, '2018-07-04 07:10:37', '2018-07-05 11:30:05'),
(131, 'OT776EL1IMQJONAFAMZ', '', 'Mini Portable Bluetooth Speaker With Built-in Mic & LED Light', 3, 'https://www.daraz.com.np/other-mini-portable-bluetooth-speaker-with-built-in-mic-led-light-106719.html', 'https://np.daraz.io/UKcPBsWBFB9FDTZRgM10pmmqP78=/fit-in/220x220/filters:fill(white):sharpen(1,0,false):quality(80)/product/91/7601/1.jpg?8506', 2, '2018-07-04 07:10:37', '2018-07-08 06:44:06'),
(132, 'SO445EL14UNO8NAFAMZ', 'Soft Vision', 'Music Mini Box Bluetooth Speaker', 3, 'https://www.daraz.com.np/soft-vision-music-mini-box-bluetooth-speaker-51686.html', 'https://np.daraz.io/i-pMw4ha17XdKpLQPpncy3QN4VY=/fit-in/220x220/filters:fill(white):sharpen(1,0,false):quality(80)/product/68/615/1.jpg?0464', 4, '2018-07-04 07:10:37', '2018-07-08 06:44:06'),
(133, 'JB523EL0X6YLGNAFAMZ', 'JBL', 'JBLGO2BLK Portable Bluetooth Speaker - Black', 3, 'https://www.daraz.com.np/jbl-jblgo2blk-portable-bluetooth-speaker-black-125755.html', 'https://np.daraz.io/ZFLYwmXrK81lcrtNU_KI6u0hORI=/fit-in/220x220/filters:fill(white):sharpen(1,0,false):quality(80)/product/55/7521/1.jpg?3608', 0, '2018-07-04 07:10:37', '2018-07-08 06:44:06'),
(134, 'OT776EL18VF3CNAFAMZ', '', 'SD Support Bluetooth Portable Speaker (Color Varied)', 3, 'https://www.daraz.com.np/other-sd-support-bluetooth-portable-speaker-color-varied-96357.html', 'https://np.daraz.io/BwaSKVBm43RTUK2Ov4skgLXrN8I=/fit-in/220x220/filters:fill(white):sharpen(1,0,false):quality(80)/product/75/369/1.jpg?4365', 1, '2018-07-04 07:10:37', '2018-07-08 06:44:06');
INSERT INTO `products` (`id`, `sku`, `brand`, `name`, `category`, `link`, `image_link`, `reviews`, `date_issued`, `date_updated`) VALUES
(135, 'JB523EL135AN8NAFAMZ', 'JBL', 'JBLGO2BLU Portable Bluetooth Speaker - Blue', 3, 'https://www.daraz.com.np/jbl-jblgo2blu-portable-bluetooth-speaker-blue-125756.html', 'https://np.daraz.io/juQuOHu8aJbxN4R5Wiu-av9-sg8=/fit-in/220x220/filters:fill(white):sharpen(1,0,false):quality(80)/product/65/7521/1.jpg?3649', 0, '2018-07-04 07:10:37', '2018-07-08 06:44:06'),
(136, 'OT776EL19AKM8NAFAMZ', '', 'Waterproof Portable Bluetooth Speakers', 3, 'https://www.daraz.com.np/other-waterproof-portable-bluetooth-speakers-67067.html', 'https://np.daraz.io/QrYt8qaLDOvq_GSQ62jtbx8lquo=/fit-in/220x220/filters:fill(white):sharpen(1,0,false):quality(80)/product/76/076/1.jpg?9887', 2, '2018-07-04 07:10:37', '2018-07-08 06:44:06'),
(137, 'OT776EL11PDQONAFAMZ', '', 'Mini Portable Bluetooth Speaker With Built-in Mic (Color & Print Varied)', 3, 'https://www.daraz.com.np/other-mini-portable-bluetooth-speaker-with-built-in-mic-color-print-varied-3336.html', 'https://np.daraz.io/t7i7r9EO3UkxBQU_gbsQC4P0iAg=/fit-in/220x220/filters:fill(white):sharpen(1,0,false):quality(80)/product/63/33/1.jpg?7585', 0, '2018-07-04 07:10:37', '2018-07-08 06:44:06'),
(138, 'OT776EL1MGF9CNAFAMZ', '', 'SOMHO S311 Portable Bluetooth Speaker', 3, 'https://www.daraz.com.np/other-somho-s311-portable-bluetooth-speaker-48189.html', 'https://np.daraz.io/QLT_bsZpzsnwPQZVD0AmePYLwcc=/fit-in/220x220/filters:fill(white):sharpen(1,0,false):quality(80)/product/98/184/1.jpg?9728', 3, '2018-07-04 07:10:37', '2018-07-08 06:44:06'),
(139, 'OT776EL0WXDM0NAFAMZ', '', 'Mini Hands Free Outdoor Bluetooth Speaker with Sound Quality', 3, 'https://www.daraz.com.np/other-mini-hands-free-outdoor-bluetooth-speaker-with-sound-quality-50355.html', 'https://np.daraz.io/AiGPhwrkjR_lIVF0pQqUii6oiPs=/fit-in/220x220/filters:fill(white):sharpen(1,0,false):quality(80)/product/55/305/1.jpg?6485', 0, '2018-07-04 07:10:37', '2018-07-08 06:44:06'),
(140, 'OT776EL1KZNN8NAFAMZ', '', 'Music Night Lights Multifunctional Portable Smart Lamp With Speaker', 3, 'https://www.daraz.com.np/other-music-night-lights-multifunctional-portable-smart-lamp-with-speaker-122759.html', 'https://np.daraz.io/xoIknAqfGoQQ1V96-VkYwOfeMUE=/fit-in/220x220/filters:fill(white):sharpen(1,0,false):quality(80)/product/95/7221/1.jpg?9668', 0, '2018-07-04 07:10:37', '2018-07-08 06:44:06'),
(141, 'WK851EL06EGDGNAFAMZ', 'W-KING', 'S20 Portable Waterproof Bluetooth Super Bass Loudspeaker- Blue', 3, 'https://www.daraz.com.np/w-king-s20-portable-waterproof-bluetooth-super-bass-loudspeaker-blue-125701.html', 'https://np.daraz.io/ebgVJpNvE7Rmw_yqRQ-SMBqwTeY=/fit-in/220x220/filters:fill(white):sharpen(1,0,false):quality(80)/product/10/7521/1.jpg?0130', 1, '2018-07-04 07:10:38', '2018-07-08 06:44:06'),
(142, 'OT776EL1ETWJKNAFAMZ', '', 'Music Mini Box Bluetooth Speaker', 3, 'https://www.daraz.com.np/other-music-mini-box-bluetooth-speaker-67358.html', 'https://np.daraz.io/5GYZbjFk1B8dAY2Ft4Tp_0s7k-w=/fit-in/220x220/filters:fill(white):sharpen(1,0,false):quality(80)/product/85/376/1.jpg?6785', 0, '2018-07-04 07:10:38', '2018-07-08 06:44:06'),
(143, 'OT776EL1KBEYKNAFAMZ', '', 'Bluetooth Sound Bar Wireless Speaker-Black', 3, 'https://www.daraz.com.np/other-bluetooth-sound-bar-wireless-speaker-black-119549.html', 'https://np.daraz.io/aapOrXNDYKdbM2g8u3OrFGoej2k=/fit-in/220x220/filters:fill(white):sharpen(1,0,false):quality(80)/product/94/5911/1.jpg?7586', 0, '2018-07-04 07:10:38', '2018-07-08 06:44:06'),
(144, 'OT776EL07MZOWNAFAMZ', '', 'Portable Bluetooth Speaker With USB + TF Card + FM Radio (JY-25)', 3, 'https://www.daraz.com.np/other-portable-bluetooth-speaker-with-usb-tf-card-fm-radio-jy-25-3821.html', 'https://np.daraz.io/ywMDE6cqb4yoT8_ahIMtQ4YXJ-8=/fit-in/220x220/filters:fill(white):sharpen(1,0,false):quality(80)/product/12/83/1.jpg?1917', 1, '2018-07-04 07:10:38', '2018-07-08 06:44:06'),
(145, 'WS638EL1EYIIKNAFAMZ', 'WSTER', 'WS Y66B Portable Speaker Box-Grey', 3, 'https://www.daraz.com.np/wster-ws-y66b-portable-speaker-box-grey-119558.html', 'https://np.daraz.io/m53cKM8ltVD3uWVsuWJCGy4HgbA=/fit-in/220x220/filters:fill(white):sharpen(1,0,false):quality(80)/product/85/5911/1.jpg?0113', 0, '2018-07-04 07:10:38', '2018-07-08 06:44:06'),
(146, 'OT776EL0XD3YWNAFAMZ', '', 'New Design WS-Y66B Portable Bluetooth Speaker', 3, 'https://www.daraz.com.np/other-new-design-ws-y66b-portable-bluetooth-speaker-93065.html', 'https://np.daraz.io/9ueIZm4QtbQfA_m1ubJ__soiM7Q=/fit-in/220x220/filters:fill(white):sharpen(1,0,false):quality(80)/product/56/039/1.jpg?1887', 0, '2018-07-04 07:10:38', '2018-07-08 06:44:06'),
(147, 'OT776EL0GIOY8NAFAMZ', '', 'HF - Q3 Speaker Wireless Bluetooth 2.1', 3, 'https://www.daraz.com.np/other-hf-q3-speaker-wireless-bluetooth-2.1-64772.html', 'https://np.daraz.io/tSW3WJE6FmVhsbyw5Nih4Mrjda4=/fit-in/220x220/filters:fill(white):sharpen(1,0,false):quality(80)/product/27/746/1.jpg?3266', 0, '2018-07-04 07:10:38', '2018-07-08 06:44:06'),
(148, 'OT776EL1AD5I8NAFAMZ', '', 'JC 176 Dual Driver Dual Diaphragm HiFi Bluetooth Speaker', 3, 'https://www.daraz.com.np/other-jc-176-dual-driver-dual-diaphragm-hifi-bluetooth-speaker-67877.html', 'https://np.daraz.io/goi-nmExg6rjzDhhnuX8hsTAcxA=/fit-in/220x220/filters:fill(white):sharpen(1,0,false):quality(80)/product/77/876/1.jpg?9007', 1, '2018-07-04 07:10:38', '2018-07-08 06:44:06'),
(149, 'SO640EL1C1XUSNAFAMZ', 'SOMHO', 'S-311 Portable Bluetooth Speaker-Red', 3, 'https://www.daraz.com.np/somho-s-311-portable-bluetooth-speaker-red-121708.html', 'https://np.daraz.io/WXZFO02T_6Ae9_zaFqYgfCMI_Gw=/fit-in/220x220/filters:fill(white):sharpen(1,0,false):quality(80)/product/80/7121/1.jpg?9397', 0, '2018-07-04 07:10:38', '2018-07-08 06:44:06'),
(150, 'KI621EL108KI8NAFAMZ', 'Kisonli', 'Q3 Portable Bluetooth Speaker', 3, 'https://www.daraz.com.np/kisonli-q3-portable-bluetooth-speaker-66806.html', 'https://np.daraz.io/pD-8VE_F_EwpRJH6GhYM-AIjvxM=/fit-in/220x220/filters:fill(white):sharpen(1,0,false):quality(80)/product/60/866/1.jpg?5084', 1, '2018-07-04 07:10:38', '2018-07-08 06:44:06'),
(151, 'SO640EL0YM4C8NAFAMZ', 'SOMHO', 'S307 Outdoors TF Card FM Line-in Wireless Bluetooth Mini Speaker', 3, 'https://www.daraz.com.np/somho-s307-outdoors-tf-card-fm-line-in-wireless-bluetooth-mini-speaker-93185.html', 'https://np.daraz.io/HR25EhTVaa4sEW4jHVFR98p14-U=/fit-in/220x220/filters:fill(white):sharpen(1,0,false):quality(80)/product/58/139/1.jpg?8307', 0, '2018-07-04 07:10:38', '2018-07-08 06:44:06'),
(152, 'OT776EL0UK6HCNAFAMZ', '', 'Mini Bluetooth Music Speaker', 3, 'https://www.daraz.com.np/other-mini-bluetooth-music-speaker-3315.html', 'https://np.daraz.io/pRoi4VJYpC00hbY7cvTZlGa0ytg=/fit-in/220x220/filters:fill(white):sharpen(1,0,false):quality(80)/product/51/33/1.jpg?2026', 0, '2018-07-04 07:10:38', '2018-07-05 11:30:06'),
(153, 'OT776EL0O8LKWNAFAMZ', '', 'Music Mini Box Bluetooth Speaker - Black', 3, 'https://www.daraz.com.np/ab-tech-music-mini-box-bluetooth-speaker-black-21704.html', 'https://np.daraz.io/FVZBRo41_yxyMlAO0v2UjIPVDj0=/fit-in/220x220/filters:fill(white):sharpen(1,0,false):quality(80)/product/40/712/1.jpg?6887', 1, '2018-07-04 07:10:38', '2018-07-08 06:44:06'),
(154, 'BO138EL0F2B84NAFAMZ', 'Bose', 'Black Sound Link Mini 3rd Bluetooth Speaker Dual Bass 3D Surround Subwoofer- 168 ', 3, 'https://www.daraz.com.np/bose-black-sound-link-mini-3rd-bluetooth-speaker-dual-bass-3d-surround-subwoofer-168-120352.html', 'https://np.daraz.io/50xxMkfHbA-X_87RbHV79b3xUNI=/fit-in/220x220/filters:fill(white):sharpen(1,0,false):quality(80)/product/25/3021/1.jpg?8692', 0, '2018-07-04 07:10:38', '2018-07-04 07:10:38'),
(155, 'OT776EL0FI3TKNAFAMZ', '', 'Outdoor Wireless Sports Portable Subwoofer Bike Car Music Speakers', 3, 'https://www.daraz.com.np/other-outdoor-wireless-sports-portable-subwoofer-bike-car-music-speakers-93062.html', 'https://np.daraz.io/8VjbrHSxGvzZ1vLGNiGNj8KY1ho=/fit-in/220x220/filters:fill(white):sharpen(1,0,false):quality(80)/product/26/039/1.jpg?1586', 0, '2018-07-04 07:10:38', '2018-07-08 06:44:06'),
(156, 'WK851EL151FKSNAFAMZ', 'W-KING', 'S9 Waterproof Bluetooth Speaker', 3, 'https://www.daraz.com.np/w-king-s9-waterproof-bluetooth-speaker-113986.html', 'https://np.daraz.io/TAjTmB9HUDRFQ-x0roetRMM3wHc=/fit-in/220x220/filters:fill(white):sharpen(1,0,false):quality(80)/product/68/9311/1.jpg?6613', 0, '2018-07-04 07:10:38', '2018-07-08 06:44:06'),
(157, 'OT776EL16Q2G4NAFAMZ', '', 'Metal Mini Portable Wireless Bluetooth Speaker ', 3, 'https://www.daraz.com.np/other-metal-mini-portable-wireless-bluetooth-speaker-106717.html', 'https://np.daraz.io/IMlw3ZpsmfMuW_Imt39QRKvhIE4=/fit-in/220x220/filters:fill(white):sharpen(1,0,false):quality(80)/product/71/7601/1.jpg?4105', 0, '2018-07-04 07:10:38', '2018-07-08 06:44:06'),
(158, 'OT776EL067SEKNAFAMZ', '', 'Portable LED Bluetooth Super Bass Mini Speaker', 3, 'https://www.daraz.com.np/other-portable-led-bluetooth-super-bass-mini-speaker-114401.html', 'https://np.daraz.io/sYFYZ8PvYNOqSMHW9SZno1ukEpY=/fit-in/220x220/filters:fill(white):sharpen(1,0,false):quality(80)/product/10/4411/1.jpg?6135', 2, '2018-07-05 11:26:57', '2018-07-05 11:30:05'),
(159, 'AA370SP1CHTM4NAFAMZ', '', 'KW18 Smartwatch Phone support TF SIM Card Heart Rate', 2, 'https://www.daraz.com.np/aafno-pasal-kw18-smartwatch-phone-support-tf-sim-card-heart-rate-135418.html', 'https://np.daraz.io/ysogQZyIQE2SaeWLpNIthdQhgQ8=/fit-in/220x220/filters:fill(white):sharpen(1,0,false):quality(80)/product/81/4531/1.jpg?8322', 0, '2018-07-05 11:26:59', '2018-07-05 11:30:05'),
(160, 'XI094EL1KYKZKNAFAMZ', 'Xiaomi', 'MI 6  [6 GB RAM, 64 GB ROM] - Black', 5, 'https://www.daraz.com.np/xiaomi-mi-6-6-gb-ram-64-gb-rom-black-27659.html', 'https://np.daraz.io/iPHx8EU9hgmUJNd6GABP2kn8wEw=/fit-in/220x220/filters:fill(white):sharpen(1,0,false):quality(80)/product/95/672/1.jpg?6954', 8, '2018-07-05 11:26:59', '2018-07-08 06:44:06'),
(161, 'OT776FA05T1JGNAFAMZ', '', 'CF006 Heart Rate Monitor Smart Band-Black', 2, 'https://www.daraz.com.np/other-cf006-heart-rate-monitor-smart-band-black-135790.html', 'https://np.daraz.io/GEIbdb32tZS000fMM37mKYXwiqM=/fit-in/220x220/filters:fill(white):sharpen(1,0,false):quality(80)/product/09/7531/1.jpg?1899', 0, '2018-07-05 11:26:59', '2018-07-08 06:44:06'),
(162, 'XI094EL0CP8NCNAFAMZ', 'Xiaomi', 'Redmi Note 4 [3GB RAM, 32GB ROM] - Gold', 5, 'https://www.daraz.com.np/xiaomi-redmi-note-4-3gb-ram-32gb-rom-gold-33312.html', 'https://np.daraz.io/FqJV4WmsTlm4bnAcv6VhZymZze0=/fit-in/220x220/filters:fill(white):sharpen(1,0,false):quality(80)/product/21/333/1.jpg?6992', 0, '2018-07-05 11:26:59', '2018-07-08 06:44:06'),
(163, 'XI094EL06QWLKNAFAMZ', 'Xiaomi', 'Redmi Note 4 [3GB RAM, 32GB ROM] - Dark Grey', 5, 'https://www.daraz.com.np/xiaomi-redmi-note-4-3gb-ram-32gb-rom-dark-grey-33311.html', 'https://np.daraz.io/pdUO8mOuKDesePC5zAJ0t0iQl68=/fit-in/220x220/filters:fill(white):sharpen(1,0,false):quality(80)/product/11/333/1.jpg?6913', 1, '2018-07-05 11:26:59', '2018-07-08 06:44:06'),
(164, 'OT776FA0A65EKNAFAMZ', '', 'V8 Smartwatch Clock With Sim & TF Card Slot', 2, 'https://www.daraz.com.np/other-v8-smartwatch-clock-with-sim-tf-card-slot-138071.html', 'https://np.daraz.io/ql_ZjN1aXKkrZ447reug3wJvZio=/fit-in/220x220/filters:fill(white):sharpen(1,0,false):quality(80)/product/17/0831/1.jpg?5862', 0, '2018-07-05 11:26:59', '2018-07-08 06:44:06'),
(165, 'OT776FA047TCSNAFAMZ', '', 'D3 Smartwatch', 2, 'https://www.daraz.com.np/other-d3-smartwatch-138070.html', 'https://np.daraz.io/JwRXGHq1DdU6nPXXK-OEN-O2x4c=/fit-in/220x220/filters:fill(white):sharpen(1,0,false):quality(80)/product/07/0831/1.jpg?5824', 0, '2018-07-05 11:26:59', '2018-07-08 06:44:06'),
(166, 'OT776EL1MYJ9KNAFAMZ', '', 'VR Shinecon Combo Premium VR Glass + Remote', 4, 'https://www.daraz.com.np/other-vr-shinecon-combo-premium-vr-glass-remote-92099.html', 'https://np.daraz.io/9mlkQdyQny8ffbyWs4dautlzVn0=/fit-in/220x220/filters:fill(white):sharpen(1,0,false):quality(80)/product/99/029/1.jpg?7145', 0, '2018-07-05 11:26:59', '2018-07-05 11:30:06'),
(167, 'NA722FA1M29B0NAFAMZ', 'NaviForce', 'NF9024 Date/Day Function Analog/Digital Watch For Men-Black', 2, 'https://www.daraz.com.np/naviforce-nf9024-dateday-function-analogdigital-watch-for-men-black-132579.html', 'https://np.daraz.io/dG4eO1oLtt5bwyAR2bXnwD5hIbY=/fit-in/220x220/filters:fill(white):sharpen(1,0,false):quality(80)/product/97/5231/1.jpg?4842', 0, '2018-07-05 11:26:59', '2018-07-08 06:44:06'),
(168, 'OT776EL0NE6O8NAFAMZ', '', 'RJ45 Ethernet cable connector, F-to-F type, Almond color', 1, 'https://www.daraz.com.np/other-rj45-ethernet-cable-connector-f-to-f-type-almond-color-39293.html', 'https://np.daraz.io/_fW-AnlBnO5yZd1hhuGH1q89H-k=/fit-in/220x220/filters:fill(white):sharpen(1,0,false):quality(80)/product/39/293/1.jpg?6464', 0, '2018-07-05 11:26:59', '2018-07-08 06:44:07'),
(169, 'UM325EL0CQBB0NAFAMZ', 'UMIDIGI', 'London 4G, (3GB RAM, 16GB ROM)- Black', 5, 'https://www.daraz.com.np/umidigi-london-4g-3gb-ram-16gb-rom-black-138312.html', 'https://np.daraz.io/y0jspUkWOZZi_QWAPyKL9KMO3Dw=/fit-in/220x220/filters:fill(white):sharpen(1,0,false):quality(80)/product/21/3831/1.jpg?2717', 0, '2018-07-05 11:26:59', '2018-07-05 11:30:06'),
(170, 'OT776EL15PR9SNAFAMZ', '', 'Bluetooth Smartwatch With Sim/Tfcard Supports - I7', 2, 'https://www.daraz.com.np/other-bluetooth-smartwatch-with-simtfcard-supports-i7-66007.html', 'https://np.daraz.io/mJdB-3-x5T9RJHENF8hqgTyH0pQ=/fit-in/220x220/filters:fill(white):sharpen(1,0,false):quality(80)/product/70/066/1.jpg?9604', 1, '2018-07-05 11:26:59', '2018-07-08 06:44:06'),
(171, 'AN041EL0IC8LGNAFAMZ', 'Anker', 'Soundcore Mini Super-Portable Enhanced Base Bluetooth Speaker - Black', 3, 'https://www.daraz.com.np/anker-soundcore-mini-super-portable-enhanced-base-bluetooth-speaker-black-140803.html', 'https://np.daraz.io/-UXT-Fn4HWpnls-w4yRJoqpSNno=/fit-in/220x220/filters:fill(white):sharpen(1,0,false):quality(80)/product/30/8041/1.jpg?4972', 0, '2018-07-08 06:41:12', '2018-07-08 06:44:06'),
(172, 'MI671EL0Y3BPWNAFAMZ', 'Micromax', 'YU5530 Yunicorn [4 GB RAM, 32 GB ROM, 4G] - Gold', 5, 'https://www.daraz.com.np/micromax-yu5530-yunicorn-4-gb-ram-32-gb-rom-4g-gold-126275.html', 'https://np.daraz.io/tJfHN0JHYzpOKFwpFFYNAPpqQsY=/fit-in/220x220/filters:fill(white):sharpen(1,0,false):quality(80)/product/57/2621/1.jpg?0435', 2, '2018-07-08 06:41:12', '2018-07-08 06:44:06'),
(173, 'LE594EL00DJQCNAFAMZ', 'Leagoo', 'M5 Plus (2 GB RAM, 16 GB ROM) 5.5\"- White (4G)', 5, 'https://www.daraz.com.np/leagoo-m5-plus-2-gb-ram-16-gb-rom-5.5-white-4g-123600.html', 'https://np.daraz.io/Y7NdVf79MIs1dVbPva53K5DSsEs=/fit-in/220x220/filters:fill(white):sharpen(1,0,false):quality(80)/product/00/6321/1.jpg?5696', 1, '2018-07-08 06:41:12', '2018-07-08 06:44:06'),
(174, 'LE599EL102P34NAFAMZ', 'Lenovo', 'Smart Mobile Phone (A328)', 5, 'https://www.daraz.com.np/lenovo-smart-mobile-phone-a328-29506.html', 'https://np.daraz.io/kx821lij3DzffbS6mZ5jpSW1OyA=/fit-in/220x220/filters:fill(white):sharpen(1,0,false):quality(80)/product/60/592/1.jpg?7286', 0, '2018-07-08 06:41:12', '2018-07-08 06:44:06'),
(175, 'OT776EL1LN8ESNAFAMZ', '', 'VR Shinecon 3D Glasses + Wireless Remote Control Gamepad-Black', 4, 'https://www.daraz.com.np/other-vr-shinecon-3d-glasses-wireless-remote-control-gamepad-black-122869.html', 'https://np.daraz.io/rW_YuRGuR4JbYUozaOxR1OERV6o=/fit-in/220x220/filters:fill(white):sharpen(1,0,false):quality(80)/product/96/8221/1.jpg?4749', 0, '2018-07-08 06:41:12', '2018-07-08 06:44:06'),
(176, 'LE599EL16114WNAFAMZ', 'Lenovo', 'RocStar A319 (4GB ROM, 512MB RAM)- Black', 5, 'https://www.daraz.com.np/lenovo-rocstar-a319-4gb-rom-512mb-ram-black-29507.html', 'https://np.daraz.io/j7qPvoLHV3XuzgP_h7a-ZzNfJ4I=/fit-in/220x220/filters:fill(white):sharpen(1,0,false):quality(80)/product/70/592/1.jpg?9431', 1, '2018-07-08 06:41:12', '2018-07-08 06:44:06'),
(177, 'OT776OT11IBVSNAFAMZ', '', 'DVI - D To VGA Converter Cable', 1, 'https://www.daraz.com.np/other-dvi-d-to-vga-converter-cable-10036.html', 'https://np.daraz.io/3KX2jQrPaJ79KoUtIx7hvnGjlxI=/fit-in/220x220/filters:fill(white):sharpen(1,0,false):quality(80)/product/63/001/1.jpg?0389', 1, '2018-07-08 06:41:12', '2018-07-08 06:44:07'),
(178, 'OT776EL154VQ8NAFAMZ', '', 'Super Loud & Super Bass Bluetooth Sound Bar w/LCD Black', 3, 'https://www.daraz.com.np/other-super-loud-super-bass-bluetooth-sound-bar-wlcd-black-29096.html', 'https://np.daraz.io/8RCwmWL7emKZL5Zl5nAc7rtVj3Q=/fit-in/220x220/filters:fill(white):sharpen(1,0,false):quality(80)/product/69/092/1.jpg?3990', 4, '2018-07-08 06:41:12', '2018-07-08 06:44:06'),
(179, 'OT776EL1CLQQONAFAMZ', '', 'JY-25 Digital Screen Display Bluetooth Pill Wireless  Speaker with Mic Support Hands-free Call/FM/TF Card/USB', 3, 'https://www.daraz.com.np/other-jy-25-digital-screen-display-bluetooth-pill-wireless-speaker-with-mic-support-hands-free-callfmtf-cardusb-63618.html', 'https://np.daraz.io/ziYMsLnBokx9E1vlgHvpRbpwW4c=/fit-in/220x220/filters:fill(white):sharpen(1,0,false):quality(80)/product/81/636/1.jpg?9964', 1, '2018-07-08 06:41:12', '2018-07-08 06:44:07'),
(180, 'OT776EL19ZHZSNAFAMZ', '', 'D3 Smart Watch - (Black)', 2, 'https://www.daraz.com.np/other-d3-smart-watch-black-93277.html', 'https://np.daraz.io/vNRtOzHjkaxdbEStVkwu-HYyyw0=/fit-in/220x220/filters:fill(white):sharpen(1,0,false):quality(80)/product/77/239/1.jpg?8784', 0, '2018-07-08 06:41:12', '2018-07-08 06:44:06');

-- --------------------------------------------------------

--
-- Table structure for table `target_pages`
--
-- Creation: Jun 20, 2018 at 07:04 AM
--

CREATE TABLE `target_pages` (
  `id` int(11) NOT NULL,
  `source` text,
  `url` text NOT NULL,
  `description` text NOT NULL
) ENGINE=InnoDB DEFAULT CHARSET=utf8;

--
-- RELATIONSHIPS FOR TABLE `target_pages`:
--

--
-- Dumping data for table `target_pages`
--

INSERT INTO `target_pages` (`id`, `source`, `url`, `description`) VALUES
(1, 'daraz.com.np', 'https://www.daraz.com.np/cables/', 'Cables and connectors'),
(2, 'daraz.com.np', 'https://www.daraz.com.np/mobiles-tablets-smartwatches', 'Smartwatches'),
(3, 'daraz.com.np', 'https://www.daraz.com.np/wireless-speakers/', 'Wireless Speakers'),
(4, 'daraz.com.np', 'https://www.daraz.com.np/vr-headsets/', 'VR Headsets'),
(5, 'daraz.com.np', 'https://www.daraz.com.np/smartphones/', 'Smartphones');

--
-- Indexes for dumped tables
--

--
-- Indexes for table `category`
--
ALTER TABLE `category`
  ADD PRIMARY KEY (`id`),
  ADD UNIQUE KEY `category_id` (`id`);

--
-- Indexes for table `prices`
--
ALTER TABLE `prices`
  ADD PRIMARY KEY (`id`),
  ADD KEY `price_link` (`prod_id`);

--
-- Indexes for table `products`
--
ALTER TABLE `products`
  ADD PRIMARY KEY (`id`),
  ADD UNIQUE KEY `sku` (`sku`),
  ADD KEY `id` (`id`);
ALTER TABLE `products` ADD FULLTEXT KEY `brand` (`brand`,`name`);

--
-- Indexes for table `target_pages`
--
ALTER TABLE `target_pages`
  ADD PRIMARY KEY (`id`);

--
-- AUTO_INCREMENT for dumped tables
--

--
-- AUTO_INCREMENT for table `category`
--
ALTER TABLE `category`
  MODIFY `id` int(11) NOT NULL AUTO_INCREMENT, AUTO_INCREMENT=6;

--
-- AUTO_INCREMENT for table `prices`
--
ALTER TABLE `prices`
  MODIFY `id` int(11) NOT NULL AUTO_INCREMENT, AUTO_INCREMENT=766;

--
-- AUTO_INCREMENT for table `products`
--
ALTER TABLE `products`
  MODIFY `id` int(11) NOT NULL AUTO_INCREMENT, AUTO_INCREMENT=181;

--
-- AUTO_INCREMENT for table `target_pages`
--
ALTER TABLE `target_pages`
  MODIFY `id` int(11) NOT NULL AUTO_INCREMENT, AUTO_INCREMENT=6;

--
-- Constraints for dumped tables
--

--
-- Constraints for table `prices`
--
ALTER TABLE `prices`
  ADD CONSTRAINT `price_link` FOREIGN KEY (`prod_id`) REFERENCES `products` (`id`) ON DELETE CASCADE ON UPDATE CASCADE;
COMMIT;

/*!40101 SET CHARACTER_SET_CLIENT=@OLD_CHARACTER_SET_CLIENT */;
/*!40101 SET CHARACTER_SET_RESULTS=@OLD_CHARACTER_SET_RESULTS */;
/*!40101 SET COLLATION_CONNECTION=@OLD_COLLATION_CONNECTION */;
